{
"type": "FeatureCollection",
"name": "compass_points",
"crs": { "type": "name", "properties": { "name": "urn:ogc:def:crs:OGC:1.3:CRS84" } },
"features": [
{"type":"Feature","properties":{"country":"Fiji","direction":"N","système":"EPSG:4326"},"geometry":{"type":"Point","coordinates":[177.9759,-17.5588]}},
{"type":"Feature","properties":{"country":"Fiji","direction":"NE","système":"EPSG:4326"},"geometry":{"type":"Point","coordinates":[178.3812,-17.5324]}},
{"type":"Feature","properties":{"country":"Fiji","direction":"E","système":"EPSG:4326"},"geometry":{"type":"Point","coordinates":[178.4913,-17.9376]}},
{"type":"Feature","properties":{"country":"Fiji","direction":"SE","système":"EPSG:4326"},"geometry":{"type":"Point","coordinates":[178.1991,-18.1608]}},
{"type":"Feature","properties":{"country":"Fiji","direction":"S","système":"EPSG:4326"},"geometry":{"type":"Point","coordinates":[177.9759,-18.2102]}},
{"type":"Feature","properties":{"country":"Fiji","direction":"SW","système":"EPSG:4326"},"geometry":{"type":"Point","coordinates":[177.7407,-18.1729]}},
{"type":"Feature","properties":{"country":"Fiji","direction":"W","système":"EPSG:4326"},"geometry":{"type":"Point","coordinates":[177.4606,-17.9376]}},
{"type":"Feature","properties":{"country":"Fiji","direction":"NW","système":"EPSG:4326"},"geometry":{"type":"Point","coordinates":[177.6255,-17.5872]}},
{"type":"Feature","properties":{"country":"United Republic of Tanzania","direction":"N","système":"EPSG:4326"},"geometry":{"type":"Point","coordinates":[34.1421,-2.1206]}},
{"type":"Feature","properties":{"country":"United Republic of Tanzania","direction":"NE","système":"EPSG:4326"},"geometry":{"type":"Point","coordinates":[36.759,-3.5909]}},
{"type":"Feature","properties":{"country":"United Republic of Tanzania","direction":"E","système":"EPSG:4326"},"geometry":{"type":"Point","coordinates":[37.8458,-6.2078]}},
{"type":"Feature","properties":{"country":"United Republic of Tanzania","direction":"SE","système":"EPSG:4326"},"geometry":{"type":"Point","coordinates":[38.0379,-10.1037]}},
{"type":"Feature","properties":{"country":"United Republic of Tanzania","direction":"S","système":"EPSG:4326"},"geometry":{"type":"Point","coordinates":[34.1421,-9.2179]}},
{"type":"Feature","properties":{"country":"United Republic of Tanzania","direction":"SW","système":"EPSG:4326"},"geometry":{"type":"Point","coordinates":[32.0934,-8.2565]}},
{"type":"Feature","properties":{"country":"United Republic of Tanzania","direction":"W","système":"EPSG:4326"},"geometry":{"type":"Point","coordinates":[30.4383,-6.2078]}},
{"type":"Feature","properties":{"country":"United Republic of Tanzania","direction":"NW","système":"EPSG:4326"},"geometry":{"type":"Point","coordinates":[31.2209,-3.2867]}},
{"type":"Feature","properties":{"country":"Western Sahara","direction":"N","système":"EPSG:4326"},"geometry":{"type":"Point","coordinates":[-12.572,24.6181]}},
{"type":"Feature","properties":{"country":"Western Sahara","direction":"NE","système":"EPSG:4326"},"geometry":{"type":"Point","coordinates":[-12.079,24.7236]}},
{"type":"Feature","properties":{"country":"Western Sahara","direction":"E","système":"EPSG:4326"},"geometry":{"type":"Point","coordinates":[-12.0728,24.2306]}},
{"type":"Feature","properties":{"country":"Western Sahara","direction":"SE","système":"EPSG:4326"},"geometry":{"type":"Point","coordinates":[-12.0664,23.725]}},
{"type":"Feature","properties":{"country":"Western Sahara","direction":"S","système":"EPSG:4326"},"geometry":{"type":"Point","coordinates":[-12.572,23.4971]}},
{"type":"Feature","properties":{"country":"Western Sahara","direction":"SW","système":"EPSG:4326"},"geometry":{"type":"Point","coordinates":[-13.8232,22.9794]}},
{"type":"Feature","properties":{"country":"Western Sahara","direction":"W","système":"EPSG:4326"},"geometry":{"type":"Point","coordinates":[-13.0712,24.2306]}},
{"type":"Feature","properties":{"country":"Western Sahara","direction":"NW","système":"EPSG:4326"},"geometry":{"type":"Point","coordinates":[-12.7902,24.4487]}},
{"type":"Feature","properties":{"country":"Canada","direction":"N","système":"EPSG:4326"},"geometry":{"type":"Point","coordinates":[-110.2438,65.6763]}},
{"type":"Feature","properties":{"country":"Canada","direction":"NE","système":"EPSG:4326"},"geometry":{"type":"Point","coordinates":[-101.3707,65.575]}},
{"type":"Feature","properties":{"country":"Canada","direction":"E","système":"EPSG:4326"},"geometry":{"type":"Point","coordinates":[-92.9652,56.7019]}},
{"type":"Feature","properties":{"country":"Canada","direction":"SE","système":"EPSG:4326"},"geometry":{"type":"Point","coordinates":[-73.443306587837668,45.914803385247453]}},
{"type":"Feature","properties":{"country":"Canada","direction":"S","système":"EPSG:4326"},"geometry":{"type":"Point","coordinates":[-98.497360641891703,50.06297183924967]}},
{"type":"Feature","properties":{"country":"Canada","direction":"SW","système":"EPSG:4326"},"geometry":{"type":"Point","coordinates":[-122.578441722972798,50.140982740380039]}},
{"type":"Feature","properties":{"country":"Canada","direction":"W","système":"EPSG:4326"},"geometry":{"type":"Point","coordinates":[-134.132495777026861,61.804564487860794]}},
{"type":"Feature","properties":{"country":"Canada","direction":"NW","système":"EPSG:4326"},"geometry":{"type":"Point","coordinates":[-120.5291,66.9872]}},
{"type":"Feature","properties":{"country":"United States of America","direction":"N","système":"EPSG:4326"},"geometry":{"type":"Point","coordinates":[-102.67905405405385,46.173333317486815]}},
{"type":"Feature","properties":{"country":"United States of America","direction":"NE","système":"EPSG:4326"},"geometry":{"type":"Point","coordinates":[-83.766891891891689,42.656585874363309]}},
{"type":"Feature","properties":{"country":"United States of America","direction":"E","système":"EPSG:4326"},"geometry":{"type":"Point","coordinates":[-77.663006756756587,38.484229358146798]}},
{"type":"Feature","properties":{"country":"United States of America","direction":"SE","système":"EPSG:4326"},"geometry":{"type":"Point","coordinates":[-84.070945945945752,32.106823847576187]}},
{"type":"Feature","properties":{"country":"United States of America","direction":"S","système":"EPSG:4326"},"geometry":{"type":"Point","coordinates":[-102.374999999999801,31.642057226419858]}},
{"type":"Feature","properties":{"country":"United States of America","direction":"SW","système":"EPSG:4326"},"geometry":{"type":"Point","coordinates":[-113.503378378378187,34.545403813379032]}},
{"type":"Feature","properties":{"country":"United States of America","direction":"W","système":"EPSG:4326"},"geometry":{"type":"Point","coordinates":[-118.611486486486299,39.822220463628021]}},
{"type":"Feature","properties":{"country":"United States of America","direction":"NW","système":"EPSG:4326"},"geometry":{"type":"Point","coordinates":[-116.422297297297092,45.024599963196138]}},
{"type":"Feature","properties":{"country":"Kazakhstan","direction":"N","système":"EPSG:4326"},"geometry":{"type":"Point","coordinates":[66.3116,53.3709]}},
{"type":"Feature","properties":{"country":"Kazakhstan","direction":"NE","système":"EPSG:4326"},"geometry":{"type":"Point","coordinates":[71.2914,53.0488]}},
{"type":"Feature","properties":{"country":"Kazakhstan","direction":"E","système":"EPSG:4326"},"geometry":{"type":"Point","coordinates":[81.8622,48.069]}},
{"type":"Feature","properties":{"country":"Kazakhstan","direction":"SE","système":"EPSG:4326"},"geometry":{"type":"Point","coordinates":[70.5341,43.8464]}},
{"type":"Feature","properties":{"country":"Kazakhstan","direction":"S","système":"EPSG:4326"},"geometry":{"type":"Point","coordinates":[66.3116,43.2062]}},
{"type":"Feature","properties":{"country":"Kazakhstan","direction":"SW","système":"EPSG:4326"},"geometry":{"type":"Point","coordinates":[62.7634,44.5208]}},
{"type":"Feature","properties":{"country":"Kazakhstan","direction":"W","système":"EPSG:4326"},"geometry":{"type":"Point","coordinates":[50.761,48.069]}},
{"type":"Feature","properties":{"country":"Kazakhstan","direction":"NW","système":"EPSG:4326"},"geometry":{"type":"Point","coordinates":[62.4338,51.9467]}},
{"type":"Feature","properties":{"country":"Uzbekistan","direction":"N","système":"EPSG:4326"},"geometry":{"type":"Point","coordinates":[63.4429,43.2001]}},
{"type":"Feature","properties":{"country":"Uzbekistan","direction":"NE","système":"EPSG:4326"},"geometry":{"type":"Point","coordinates":[65.0648,42.9752]}},
{"type":"Feature","properties":{"country":"Uzbekistan","direction":"E","système":"EPSG:4326"},"geometry":{"type":"Point","coordinates":[66.0231,41.3533]}},
{"type":"Feature","properties":{"country":"Uzbekistan","direction":"SE","système":"EPSG:4326"},"geometry":{"type":"Point","coordinates":[66.7539,38.0423]}},
{"type":"Feature","properties":{"country":"Uzbekistan","direction":"S","système":"EPSG:4326"},"geometry":{"type":"Point","coordinates":[63.4429,39.7976]}},
{"type":"Feature","properties":{"country":"Uzbekistan","direction":"SW","système":"EPSG:4326"},"geometry":{"type":"Point","coordinates":[62.5284,40.4388]}},
{"type":"Feature","properties":{"country":"Uzbekistan","direction":"W","système":"EPSG:4326"},"geometry":{"type":"Point","coordinates":[60.8627,41.3533]}},
{"type":"Feature","properties":{"country":"Uzbekistan","direction":"NW","système":"EPSG:4326"},"geometry":{"type":"Point","coordinates":[60.5418,44.2544]}},
{"type":"Feature","properties":{"country":"Papua New Guinea","direction":"N","système":"EPSG:4326"},"geometry":{"type":"Point","coordinates":[144.2261,-4.3341]}},
{"type":"Feature","properties":{"country":"Papua New Guinea","direction":"NE","système":"EPSG:4326"},"geometry":{"type":"Point","coordinates":[145.5399,-5.3541]}},
{"type":"Feature","properties":{"country":"Papua New Guinea","direction":"E","système":"EPSG:4326"},"geometry":{"type":"Point","coordinates":[146.79,-6.6678]}},
{"type":"Feature","properties":{"country":"Papua New Guinea","direction":"SE","système":"EPSG:4326"},"geometry":{"type":"Point","coordinates":[145.1752,-7.6169]}},
{"type":"Feature","properties":{"country":"Papua New Guinea","direction":"S","système":"EPSG:4326"},"geometry":{"type":"Point","coordinates":[144.2261,-7.5772]}},
{"type":"Feature","properties":{"country":"Papua New Guinea","direction":"SW","système":"EPSG:4326"},"geometry":{"type":"Point","coordinates":[142.2431,-8.6509]}},
{"type":"Feature","properties":{"country":"Papua New Guinea","direction":"W","système":"EPSG:4326"},"geometry":{"type":"Point","coordinates":[141.6622,-6.6678]}},
{"type":"Feature","properties":{"country":"Papua New Guinea","direction":"NW","système":"EPSG:4326"},"geometry":{"type":"Point","coordinates":[141.6489,-4.0906]}},
{"type":"Feature","properties":{"country":"Indonesia","direction":"N","système":"EPSG:4326"},"geometry":{"type":"Point","coordinates":[113.2695,1.0654]}},
{"type":"Feature","properties":{"country":"Indonesia","direction":"NE","système":"EPSG:4326"},"geometry":{"type":"Point","coordinates":[116.7609,3.313]}},
{"type":"Feature","properties":{"country":"Indonesia","direction":"E","système":"EPSG:4326"},"geometry":{"type":"Point","coordinates":[116.6473,-0.1785]}},
{"type":"Feature","properties":{"country":"Indonesia","direction":"SE","système":"EPSG:4326"},"geometry":{"type":"Point","coordinates":[115.7263,-2.6354]}},
{"type":"Feature","properties":{"country":"Indonesia","direction":"S","système":"EPSG:4326"},"geometry":{"type":"Point","coordinates":[113.2695,-2.5371]}},
{"type":"Feature","properties":{"country":"Indonesia","direction":"SW","système":"EPSG:4326"},"geometry":{"type":"Point","coordinates":[111.0366,-2.4114]}},
{"type":"Feature","properties":{"country":"Indonesia","direction":"W","système":"EPSG:4326"},"geometry":{"type":"Point","coordinates":[109.8916,-0.1785]}},
{"type":"Feature","properties":{"country":"Indonesia","direction":"NW","système":"EPSG:4326"},"geometry":{"type":"Point","coordinates":[112.2585,0.8324]}},
{"type":"Feature","properties":{"country":"Argentina","direction":"N","système":"EPSG:4326"},"geometry":{"type":"Point","coordinates":[-64.0806,-25.1973]}},
{"type":"Feature","properties":{"country":"Argentina","direction":"NE","système":"EPSG:4326"},"geometry":{"type":"Point","coordinates":[-59.1209,-32.2795]}},
{"type":"Feature","properties":{"country":"Argentina","direction":"E","système":"EPSG:4326"},"geometry":{"type":"Point","coordinates":[-58.4491,-37.2392]}},
{"type":"Feature","properties":{"country":"Argentina","direction":"SE","système":"EPSG:4326"},"geometry":{"type":"Point","coordinates":[-62.6169,-38.7028]}},
{"type":"Feature","properties":{"country":"Argentina","direction":"S","système":"EPSG:4326"},"geometry":{"type":"Point","coordinates":[-64.0806,-40.2873]}},
{"type":"Feature","properties":{"country":"Argentina","direction":"SW","système":"EPSG:4326"},"geometry":{"type":"Point","coordinates":[-70.259290540540363,-49.032261594067741]}},
{"type":"Feature","properties":{"country":"Argentina","direction":"W","système":"EPSG:4326"},"geometry":{"type":"Point","coordinates":[-69.712,-37.2392]}},
{"type":"Feature","properties":{"country":"Argentina","direction":"NW","système":"EPSG:4326"},"geometry":{"type":"Point","coordinates":[-69.0703,-32.2495]}},
{"type":"Feature","properties":{"country":"Chile","direction":"N","système":"EPSG:4326"},"geometry":{"type":"Point","coordinates":[-71.5095,-33.2868]}},
{"type":"Feature","properties":{"country":"Chile","direction":"NE","système":"EPSG:4326"},"geometry":{"type":"Point","coordinates":[-70.1555,-34.4029]}},
{"type":"Feature","properties":{"country":"Chile","direction":"E","système":"EPSG:4326"},"geometry":{"type":"Point","coordinates":[-70.5993,-35.757]}},
{"type":"Feature","properties":{"country":"Chile","direction":"SE","système":"EPSG:4326"},"geometry":{"type":"Point","coordinates":[-70.9789,-36.2877]}},
{"type":"Feature","properties":{"country":"Chile","direction":"S","système":"EPSG:4326"},"geometry":{"type":"Point","coordinates":[-71.5095,-38.5407]}},
{"type":"Feature","properties":{"country":"Chile","direction":"SW","système":"EPSG:4326"},"geometry":{"type":"Point","coordinates":[-73.1353,-37.3827]}},
{"type":"Feature","properties":{"country":"Chile","direction":"W","système":"EPSG:4326"},"geometry":{"type":"Point","coordinates":[-72.4198,-35.757]}},
{"type":"Feature","properties":{"country":"Chile","direction":"NW","système":"EPSG:4326"},"geometry":{"type":"Point","coordinates":[-72.1524,-35.1141]}},
{"type":"Feature","properties":{"country":"Democratic Republic of the Congo","direction":"N","système":"EPSG:4326"},"geometry":{"type":"Point","coordinates":[22.3906,2.4065]}},
{"type":"Feature","properties":{"country":"Democratic Republic of the Congo","direction":"NE","système":"EPSG:4326"},"geometry":{"type":"Point","coordinates":[28.7646,2.2747]}},
{"type":"Feature","properties":{"country":"Democratic Republic of the Congo","direction":"E","système":"EPSG:4326"},"geometry":{"type":"Point","coordinates":[27.9332,-4.0993]}},
{"type":"Feature","properties":{"country":"Democratic Republic of the Congo","direction":"SE","système":"EPSG:4326"},"geometry":{"type":"Point","coordinates":[27.336,-9.0448]}},
{"type":"Feature","properties":{"country":"Democratic Republic of the Congo","direction":"S","système":"EPSG:4326"},"geometry":{"type":"Point","coordinates":[22.3906,-9.618]}},
{"type":"Feature","properties":{"country":"Democratic Republic of the Congo","direction":"SW","système":"EPSG:4326"},"geometry":{"type":"Point","coordinates":[19.3633,-7.1266]}},
{"type":"Feature","properties":{"country":"Democratic Republic of the Congo","direction":"W","système":"EPSG:4326"},"geometry":{"type":"Point","coordinates":[16.8479,-4.0993]}},
{"type":"Feature","properties":{"country":"Democratic Republic of the Congo","direction":"NW","système":"EPSG:4326"},"geometry":{"type":"Point","coordinates":[18.725,-0.4338]}},
{"type":"Feature","properties":{"country":"Somalia","direction":"N","système":"EPSG:4326"},"geometry":{"type":"Point","coordinates":[46.7942,6.5908]}},
{"type":"Feature","properties":{"country":"Somalia","direction":"NE","système":"EPSG:4326"},"geometry":{"type":"Point","coordinates":[49.637,8.0132]}},
{"type":"Feature","properties":{"country":"Somalia","direction":"E","système":"EPSG:4326"},"geometry":{"type":"Point","coordinates":[48.1315,5.1704]}},
{"type":"Feature","properties":{"country":"Somalia","direction":"SE","système":"EPSG:4326"},"geometry":{"type":"Point","coordinates":[47.553,4.4116]}},
{"type":"Feature","properties":{"country":"Somalia","direction":"S","système":"EPSG:4326"},"geometry":{"type":"Point","coordinates":[46.7942,3.5312]}},
{"type":"Feature","properties":{"country":"Somalia","direction":"SW","système":"EPSG:4326"},"geometry":{"type":"Point","coordinates":[42.1526,0.5288]}},
{"type":"Feature","properties":{"country":"Somalia","direction":"W","système":"EPSG:4326"},"geometry":{"type":"Point","coordinates":[45.4568,5.1704]}},
{"type":"Feature","properties":{"country":"Somalia","direction":"NW","système":"EPSG:4326"},"geometry":{"type":"Point","coordinates":[46.1054,5.8592]}},
{"type":"Feature","properties":{"country":"Kenya","direction":"N","système":"EPSG:4326"},"geometry":{"type":"Point","coordinates":[37.513,3.2677]}},
{"type":"Feature","properties":{"country":"Kenya","direction":"NE","système":"EPSG:4326"},"geometry":{"type":"Point","coordinates":[40.4173,3.2168]}},
{"type":"Feature","properties":{"country":"Kenya","direction":"E","système":"EPSG:4326"},"geometry":{"type":"Point","coordinates":[40.2939,0.3124]}},
{"type":"Feature","properties":{"country":"Kenya","direction":"SE","système":"EPSG:4326"},"geometry":{"type":"Point","coordinates":[39.8036,-1.9783]}},
{"type":"Feature","properties":{"country":"Kenya","direction":"S","système":"EPSG:4326"},"geometry":{"type":"Point","coordinates":[37.513,-2.3316]}},
{"type":"Feature","properties":{"country":"Kenya","direction":"SW","système":"EPSG:4326"},"geometry":{"type":"Point","coordinates":[35.82,-1.3805]}},
{"type":"Feature","properties":{"country":"Kenya","direction":"W","système":"EPSG:4326"},"geometry":{"type":"Point","coordinates":[34.732,0.3124]}},
{"type":"Feature","properties":{"country":"Kenya","direction":"NW","système":"EPSG:4326"},"geometry":{"type":"Point","coordinates":[35.1368,2.6886]}},
{"type":"Feature","properties":{"country":"Sudan","direction":"N","système":"EPSG:4326"},"geometry":{"type":"Point","coordinates":[29.6156,20.6555]}},
{"type":"Feature","properties":{"country":"Sudan","direction":"NE","système":"EPSG:4326"},"geometry":{"type":"Point","coordinates":[34.9936,20.6555]}},
{"type":"Feature","properties":{"country":"Sudan","direction":"E","système":"EPSG:4326"},"geometry":{"type":"Point","coordinates":[35.0884,15.2776]}},
{"type":"Feature","properties":{"country":"Sudan","direction":"SE","système":"EPSG:4326"},"geometry":{"type":"Point","coordinates":[32.0994,12.7938]}},
{"type":"Feature","properties":{"country":"Sudan","direction":"S","système":"EPSG:4326"},"geometry":{"type":"Point","coordinates":[29.6156,11.1158]}},
{"type":"Feature","properties":{"country":"Sudan","direction":"SW","système":"EPSG:4326"},"geometry":{"type":"Point","coordinates":[24.6675,10.3295]}},
{"type":"Feature","properties":{"country":"Sudan","direction":"W","système":"EPSG:4326"},"geometry":{"type":"Point","coordinates":[24.1428,15.2776]}},
{"type":"Feature","properties":{"country":"Sudan","direction":"NW","système":"EPSG:4326"},"geometry":{"type":"Point","coordinates":[25.8355,19.0577]}},
{"type":"Feature","properties":{"country":"Chad","direction":"N","système":"EPSG:4326"},"geometry":{"type":"Point","coordinates":[18.3067,20.844]}},
{"type":"Feature","properties":{"country":"Chad","direction":"NE","système":"EPSG:4326"},"geometry":{"type":"Point","coordinates":[22.0677,19.0385]}},
{"type":"Feature","properties":{"country":"Chad","direction":"E","système":"EPSG:4326"},"geometry":{"type":"Point","coordinates":[21.881,15.2776]}},
{"type":"Feature","properties":{"country":"Chad","direction":"SE","système":"EPSG:4326"},"geometry":{"type":"Point","coordinates":[21.6865,11.8977]}},
{"type":"Feature","properties":{"country":"Chad","direction":"S","système":"EPSG:4326"},"geometry":{"type":"Point","coordinates":[18.3067,9.6196]}},
{"type":"Feature","properties":{"country":"Chad","direction":"SW","système":"EPSG:4326"},"geometry":{"type":"Point","coordinates":[15.602,12.5728]}},
{"type":"Feature","properties":{"country":"Chad","direction":"W","système":"EPSG:4326"},"geometry":{"type":"Point","coordinates":[14.7324,15.2776]}},
{"type":"Feature","properties":{"country":"Chad","direction":"NW","système":"EPSG:4326"},"geometry":{"type":"Point","coordinates":[15.9471,17.6372]}},
{"type":"Feature","properties":{"country":"Haiti","direction":"N","système":"EPSG:4326"},"geometry":{"type":"Point","coordinates":[-72.1474,19.6233]}},
{"type":"Feature","properties":{"country":"Haiti","direction":"NE","système":"EPSG:4326"},"geometry":{"type":"Point","coordinates":[-71.7622,19.3287]}},
{"type":"Feature","properties":{"country":"Haiti","direction":"E","système":"EPSG:4326"},"geometry":{"type":"Point","coordinates":[-71.7654,18.9435]}},
{"type":"Feature","properties":{"country":"Haiti","direction":"SE","système":"EPSG:4326"},"geometry":{"type":"Point","coordinates":[-71.9268,18.7229]}},
{"type":"Feature","properties":{"country":"Haiti","direction":"S","système":"EPSG:4326"},"geometry":{"type":"Point","coordinates":[-72.1474,18.3146]}},
{"type":"Feature","properties":{"country":"Haiti","direction":"SW","système":"EPSG:4326"},"geometry":{"type":"Point","coordinates":[-72.3334,18.7576]}},
{"type":"Feature","properties":{"country":"Haiti","direction":"W","système":"EPSG:4326"},"geometry":{"type":"Point","coordinates":[-72.5294,18.9435]}},
{"type":"Feature","properties":{"country":"Haiti","direction":"NW","système":"EPSG:4326"},"geometry":{"type":"Point","coordinates":[-72.9208,19.7169]}},
{"type":"Feature","properties":{"country":"Dominican Republic","direction":"N","système":"EPSG:4326"},"geometry":{"type":"Point","coordinates":[-70.1302,19.445]}},
{"type":"Feature","properties":{"country":"Dominican Republic","direction":"NE","système":"EPSG:4326"},"geometry":{"type":"Point","coordinates":[-69.6495,19.1818]}},
{"type":"Feature","properties":{"country":"Dominican Republic","direction":"E","système":"EPSG:4326"},"geometry":{"type":"Point","coordinates":[-68.7757,18.7012]}},
{"type":"Feature","properties":{"country":"Dominican Republic","direction":"SE","système":"EPSG:4326"},"geometry":{"type":"Point","coordinates":[-69.8989,18.4699]}},
{"type":"Feature","properties":{"country":"Dominican Republic","direction":"S","système":"EPSG:4326"},"geometry":{"type":"Point","coordinates":[-70.1302,18.3394]}},
{"type":"Feature","properties":{"country":"Dominican Republic","direction":"SW","système":"EPSG:4326"},"geometry":{"type":"Point","coordinates":[-70.4798,18.3515]}},
{"type":"Feature","properties":{"country":"Dominican Republic","direction":"W","système":"EPSG:4326"},"geometry":{"type":"Point","coordinates":[-71.4846,18.7012]}},
{"type":"Feature","properties":{"country":"Dominican Republic","direction":"NW","système":"EPSG:4326"},"geometry":{"type":"Point","coordinates":[-71.0759,19.6469]}},
{"type":"Feature","properties":{"country":"Russia","direction":"N","système":"EPSG:4326"},"geometry":{"type":"Point","coordinates":[88.5973,72.0538]}},
{"type":"Feature","properties":{"country":"Russia","direction":"NE","système":"EPSG:4326"},"geometry":{"type":"Point","coordinates":[102.6928,73.5013]}},
{"type":"Feature","properties":{"country":"Russia","direction":"E","système":"EPSG:4326"},"geometry":{"type":"Point","coordinates":[137.0423,59.4059]}},
{"type":"Feature","properties":{"country":"Russia","direction":"SE","système":"EPSG:4326"},"geometry":{"type":"Point","coordinates":[96.0015,52.0017]}},
{"type":"Feature","properties":{"country":"Russia","direction":"S","système":"EPSG:4326"},"geometry":{"type":"Point","coordinates":[88.5973,51.4302]}},
{"type":"Feature","properties":{"country":"Russia","direction":"SW","système":"EPSG:4326"},"geometry":{"type":"Point","coordinates":[43.179476351351362,48.463392577276259]}},
{"type":"Feature","properties":{"country":"Russia","direction":"W","système":"EPSG:4326"},"geometry":{"type":"Point","coordinates":[34.665962837837846,54.861843875470683]}},
{"type":"Feature","properties":{"country":"Russia","direction":"NW","système":"EPSG:4326"},"geometry":{"type":"Point","coordinates":[38.821051520270359,63.036116420224545]}},
{"type":"Feature","properties":{"country":"The Bahamas","direction":"N","système":"EPSG:4326"},"geometry":{"type":"Point","coordinates":[-78.036423141891717,25.036968473998304]}},
{"type":"Feature","properties":{"country":"The Bahamas","direction":"NE","système":"EPSG:4326"},"geometry":{"type":"Point","coordinates":[-77.8140836148647,24.664503899031949]}},
{"type":"Feature","properties":{"country":"The Bahamas","direction":"E","système":"EPSG:4326"},"geometry":{"type":"Point","coordinates":[-77.720967060810636,24.367113562651273]}},
{"type":"Feature","properties":{"country":"The Bahamas","direction":"SE","système":"EPSG:4326"},"geometry":{"type":"Point","coordinates":[-77.6146,24.1495]}},
{"type":"Feature","properties":{"country":"The Bahamas","direction":"S","système":"EPSG:4326"},"geometry":{"type":"Point","coordinates":[-77.9229,24.1188]}},
{"type":"Feature","properties":{"country":"The Bahamas","direction":"SW","système":"EPSG:4326"},"geometry":{"type":"Point","coordinates":[-78.0391,24.3416]}},
{"type":"Feature","properties":{"country":"The Bahamas","direction":"W","système":"EPSG:4326"},"geometry":{"type":"Point","coordinates":[-78.1894,24.4578]}},
{"type":"Feature","properties":{"country":"The Bahamas","direction":"NW","système":"EPSG:4326"},"geometry":{"type":"Point","coordinates":[-78.2362,24.7712]}},
{"type":"Feature","properties":{"country":"United Kingdom","direction":"N","système":"EPSG:4326"},"geometry":{"type":"Point","coordinates":[-1.7533,55.2214]}},
{"type":"Feature","properties":{"country":"United Kingdom","direction":"NE","système":"EPSG:4326"},"geometry":{"type":"Point","coordinates":[-1.3246,54.6534]}},
{"type":"Feature","properties":{"country":"United Kingdom","direction":"E","système":"EPSG:4326"},"geometry":{"type":"Point","coordinates":[-0.5915,54.2247]}},
{"type":"Feature","properties":{"country":"United Kingdom","direction":"SE","système":"EPSG:4326"},"geometry":{"type":"Point","coordinates":[0.6738,51.7976]}},
{"type":"Feature","properties":{"country":"United Kingdom","direction":"S","système":"EPSG:4326"},"geometry":{"type":"Point","coordinates":[-1.7533,51.3401]}},
{"type":"Feature","properties":{"country":"United Kingdom","direction":"SW","système":"EPSG:4326"},"geometry":{"type":"Point","coordinates":[-3.9046,52.0734]}},
{"type":"Feature","properties":{"country":"United Kingdom","direction":"W","système":"EPSG:4326"},"geometry":{"type":"Point","coordinates":[-2.9152,54.2247]}},
{"type":"Feature","properties":{"country":"United Kingdom","direction":"NW","système":"EPSG:4326"},"geometry":{"type":"Point","coordinates":[-4.8082,57.2796]}},
{"type":"Feature","properties":{"country":"Norway","direction":"N","système":"EPSG:4326"},"geometry":{"type":"Point","coordinates":[12.2208,65.5473]}},
{"type":"Feature","properties":{"country":"Norway","direction":"NE","système":"EPSG:4326"},"geometry":{"type":"Point","coordinates":[15.1738,67.5895]}},
{"type":"Feature","properties":{"country":"Norway","direction":"E","système":"EPSG:4326"},"geometry":{"type":"Point","coordinates":[13.4171,64.6365]}},
{"type":"Feature","properties":{"country":"Norway","direction":"SE","système":"EPSG:4326"},"geometry":{"type":"Point","coordinates":[12.68,64.1773]}},
{"type":"Feature","properties":{"country":"Norway","direction":"S","système":"EPSG:4326"},"geometry":{"type":"Point","coordinates":[12.2208,63.7653]}},
{"type":"Feature","properties":{"country":"Norway","direction":"SW","système":"EPSG:4326"},"geometry":{"type":"Point","coordinates":[7.273,59.6888]}},
{"type":"Feature","properties":{"country":"Norway","direction":"W","système":"EPSG:4326"},"geometry":{"type":"Point","coordinates":[11.0245,64.6365]}},
{"type":"Feature","properties":{"country":"Norway","direction":"NW","système":"EPSG:4326"},"geometry":{"type":"Point","coordinates":[11.7037,65.1536]}},
{"type":"Feature","properties":{"country":"Denmark","direction":"N","système":"EPSG:4326"},"geometry":{"type":"Point","coordinates":[9.4608,57.0253]}},
{"type":"Feature","properties":{"country":"Denmark","direction":"NE","système":"EPSG:4326"},"geometry":{"type":"Point","coordinates":[10.34,57.2035]}},
{"type":"Feature","properties":{"country":"Denmark","direction":"E","système":"EPSG:4326"},"geometry":{"type":"Point","coordinates":[10.5523,56.3243]}},
{"type":"Feature","properties":{"country":"Denmark","direction":"SE","système":"EPSG:4326"},"geometry":{"type":"Point","coordinates":[9.8782,55.9069]}},
{"type":"Feature","properties":{"country":"Denmark","direction":"S","système":"EPSG:4326"},"geometry":{"type":"Point","coordinates":[9.4608,55.1636]}},
{"type":"Feature","properties":{"country":"Denmark","direction":"SW","système":"EPSG:4326"},"geometry":{"type":"Point","coordinates":[8.5688,55.4324]}},
{"type":"Feature","properties":{"country":"Denmark","direction":"W","système":"EPSG:4326"},"geometry":{"type":"Point","coordinates":[8.3693,56.3243]}},
{"type":"Feature","properties":{"country":"Denmark","direction":"NW","système":"EPSG:4326"},"geometry":{"type":"Point","coordinates":[8.8253,56.9598]}},
{"type":"Feature","properties":{"country":"France","direction":"N","système":"EPSG:4326"},"geometry":{"type":"Point","coordinates":[2.652871621621632,49.523203806811445]}},
{"type":"Feature","properties":{"country":"France","direction":"NE","système":"EPSG:4326"},"geometry":{"type":"Point","coordinates":[6.848817567567579,48.375108147716041]}},
{"type":"Feature","properties":{"country":"France","direction":"E","système":"EPSG:4326"},"geometry":{"type":"Point","coordinates":[5.526182432432442,46.178596841929981]}},
{"type":"Feature","properties":{"country":"France","direction":"SE","système":"EPSG:4326"},"geometry":{"type":"Point","coordinates":[5.997466216216228,44.174878539817733]}},
{"type":"Feature","properties":{"country":"France","direction":"S","système":"EPSG:4326"},"geometry":{"type":"Point","coordinates":[3.428209459459471,43.901657954464632]}},
{"type":"Feature","properties":{"country":"France","direction":"SW","système":"EPSG:4326"},"geometry":{"type":"Point","coordinates":[-0.889358108108096,43.572130571308641]}},
{"type":"Feature","properties":{"country":"France","direction":"W","système":"EPSG:4326"},"geometry":{"type":"Point","coordinates":[-0.387668918918907,46.10486165188248]}},
{"type":"Feature","properties":{"country":"France","direction":"NW","système":"EPSG:4326"},"geometry":{"type":"Point","coordinates":[-1.619087837837827,47.939023687503237]}},
{"type":"Feature","properties":{"country":"East Timor","direction":"N","système":"EPSG:4326"},"geometry":{"type":"Point","coordinates":[125.8627,-8.5194]}},
{"type":"Feature","properties":{"country":"East Timor","direction":"NE","système":"EPSG:4326"},"geometry":{"type":"Point","coordinates":[126.1522,-8.491]}},
{"type":"Feature","properties":{"country":"East Timor","direction":"E","système":"EPSG:4326"},"geometry":{"type":"Point","coordinates":[126.5331,-8.7805]}},
{"type":"Feature","properties":{"country":"East Timor","direction":"SE","système":"EPSG:4326"},"geometry":{"type":"Point","coordinates":[126.061,-8.9788]}},
{"type":"Feature","properties":{"country":"East Timor","direction":"S","système":"EPSG:4326"},"geometry":{"type":"Point","coordinates":[125.8627,-9.0583]}},
{"type":"Feature","properties":{"country":"East Timor","direction":"SW","système":"EPSG:4326"},"geometry":{"type":"Point","coordinates":[125.44,-9.2032]}},
{"type":"Feature","properties":{"country":"East Timor","direction":"W","système":"EPSG:4326"},"geometry":{"type":"Point","coordinates":[125.1922,-8.7805]}},
{"type":"Feature","properties":{"country":"East Timor","direction":"NW","système":"EPSG:4326"},"geometry":{"type":"Point","coordinates":[125.6556,-8.5735]}},
{"type":"Feature","properties":{"country":"South Africa","direction":"N","système":"EPSG:4326"},"geometry":{"type":"Point","coordinates":[26.1476,-25.4146]}},
{"type":"Feature","properties":{"country":"South Africa","direction":"NE","système":"EPSG:4326"},"geometry":{"type":"Point","coordinates":[30.4088,-24.1474]}},
{"type":"Feature","properties":{"country":"South Africa","direction":"E","système":"EPSG:4326"},"geometry":{"type":"Point","coordinates":[31.1499,-28.4085]}},
{"type":"Feature","properties":{"country":"South Africa","direction":"SE","système":"EPSG:4326"},"geometry":{"type":"Point","coordinates":[27.0541,-29.315]}},
{"type":"Feature","properties":{"country":"South Africa","direction":"S","système":"EPSG:4326"},"geometry":{"type":"Point","coordinates":[26.1476,-32.5959]}},
{"type":"Feature","properties":{"country":"South Africa","direction":"SW","système":"EPSG:4326"},"geometry":{"type":"Point","coordinates":[21.0245,-33.5317]}},
{"type":"Feature","properties":{"country":"South Africa","direction":"W","système":"EPSG:4326"},"geometry":{"type":"Point","coordinates":[21.1453,-28.4085]}},
{"type":"Feature","properties":{"country":"South Africa","direction":"NW","système":"EPSG:4326"},"geometry":{"type":"Point","coordinates":[23.7142,-25.9751]}},
{"type":"Feature","properties":{"country":"Lesotho","direction":"N","système":"EPSG:4326"},"geometry":{"type":"Point","coordinates":[28.2436,-28.9222]}},
{"type":"Feature","properties":{"country":"Lesotho","direction":"NE","système":"EPSG:4326"},"geometry":{"type":"Point","coordinates":[28.7424,-29.0018]}},
{"type":"Feature","properties":{"country":"Lesotho","direction":"E","système":"EPSG:4326"},"geometry":{"type":"Point","coordinates":[28.9861,-29.5006]}},
{"type":"Feature","properties":{"country":"Lesotho","direction":"SE","système":"EPSG:4326"},"geometry":{"type":"Point","coordinates":[28.7053,-29.9623]}},
{"type":"Feature","properties":{"country":"Lesotho","direction":"S","système":"EPSG:4326"},"geometry":{"type":"Point","coordinates":[28.2436,-30.1471]}},
{"type":"Feature","properties":{"country":"Lesotho","direction":"SW","système":"EPSG:4326"},"geometry":{"type":"Point","coordinates":[27.5913,-30.1528]}},
{"type":"Feature","properties":{"country":"Lesotho","direction":"W","système":"EPSG:4326"},"geometry":{"type":"Point","coordinates":[27.501,-29.5006]}},
{"type":"Feature","properties":{"country":"Lesotho","direction":"NW","système":"EPSG:4326"},"geometry":{"type":"Point","coordinates":[27.8853,-29.1423]}},
{"type":"Feature","properties":{"country":"Mexico","direction":"N","système":"EPSG:4326"},"geometry":{"type":"Point","coordinates":[-102.2502,28.5322]}},
{"type":"Feature","properties":{"country":"Mexico","direction":"NE","système":"EPSG:4326"},"geometry":{"type":"Point","coordinates":[-99.8033,26.0463]}},
{"type":"Feature","properties":{"country":"Mexico","direction":"E","système":"EPSG:4326"},"geometry":{"type":"Point","coordinates":[-98.6418,23.5994]}},
{"type":"Feature","properties":{"country":"Mexico","direction":"SE","système":"EPSG:4326"},"geometry":{"type":"Point","coordinates":[-96.3167,17.6659]}},
{"type":"Feature","properties":{"country":"Mexico","direction":"S","système":"EPSG:4326"},"geometry":{"type":"Point","coordinates":[-102.2502,19.081]}},
{"type":"Feature","properties":{"country":"Mexico","direction":"SW","système":"EPSG:4326"},"geometry":{"type":"Point","coordinates":[-104.9521,20.8974]}},
{"type":"Feature","properties":{"country":"Mexico","direction":"W","système":"EPSG:4326"},"geometry":{"type":"Point","coordinates":[-105.8586,23.5994]}},
{"type":"Feature","properties":{"country":"Mexico","direction":"NW","système":"EPSG:4326"},"geometry":{"type":"Point","coordinates":[-108.4415,29.7907]}},
{"type":"Feature","properties":{"country":"Uruguay","direction":"N","système":"EPSG:4326"},"geometry":{"type":"Point","coordinates":[-55.8189,-31.1743]}},
{"type":"Feature","properties":{"country":"Uruguay","direction":"NE","système":"EPSG:4326"},"geometry":{"type":"Point","coordinates":[-54.9961,-31.5646]}},
{"type":"Feature","properties":{"country":"Uruguay","direction":"E","système":"EPSG:4326"},"geometry":{"type":"Point","coordinates":[-53.9628,-32.3875]}},
{"type":"Feature","properties":{"country":"Uruguay","direction":"SE","système":"EPSG:4326"},"geometry":{"type":"Point","coordinates":[-54.2106,-33.9958]}},
{"type":"Feature","properties":{"country":"Uruguay","direction":"S","système":"EPSG:4326"},"geometry":{"type":"Point","coordinates":[-55.8189,-34.3026]}},
{"type":"Feature","properties":{"country":"Uruguay","direction":"SW","système":"EPSG:4326"},"geometry":{"type":"Point","coordinates":[-57.45,-34.0185]}},
{"type":"Feature","properties":{"country":"Uruguay","direction":"W","système":"EPSG:4326"},"geometry":{"type":"Point","coordinates":[-57.675,-32.3875]}},
{"type":"Feature","properties":{"country":"Uruguay","direction":"NW","système":"EPSG:4326"},"geometry":{"type":"Point","coordinates":[-57.3333,-30.873]}},
{"type":"Feature","properties":{"country":"Brazil","direction":"N","système":"EPSG:4326"},"geometry":{"type":"Point","coordinates":[-49.7116,-2.9256]}},
{"type":"Feature","properties":{"country":"Brazil","direction":"NE","système":"EPSG:4326"},"geometry":{"type":"Point","coordinates":[-41.1725,-5.5346]}},
{"type":"Feature","properties":{"country":"Brazil","direction":"E","système":"EPSG:4326"},"geometry":{"type":"Point","coordinates":[-41.0964,-14.0737]}},
{"type":"Feature","properties":{"country":"Brazil","direction":"SE","système":"EPSG:4326"},"geometry":{"type":"Point","coordinates":[-43.1687,-20.6166]}},
{"type":"Feature","properties":{"country":"Brazil","direction":"S","système":"EPSG:4326"},"geometry":{"type":"Point","coordinates":[-49.7116,-26.352]}},
{"type":"Feature","properties":{"country":"Brazil","direction":"SW","système":"EPSG:4326"},"geometry":{"type":"Point","coordinates":[-56.1505,-20.5126]}},
{"type":"Feature","properties":{"country":"Brazil","direction":"W","système":"EPSG:4326"},"geometry":{"type":"Point","coordinates":[-58.3268,-14.0737]}},
{"type":"Feature","properties":{"country":"Brazil","direction":"NW","système":"EPSG:4326"},"geometry":{"type":"Point","coordinates":[-61.9374,-1.8479]}},
{"type":"Feature","properties":{"country":"Bolivia","direction":"N","système":"EPSG:4326"},"geometry":{"type":"Point","coordinates":[-63.6389,-13.3295]}},
{"type":"Feature","properties":{"country":"Bolivia","direction":"NE","système":"EPSG:4326"},"geometry":{"type":"Point","coordinates":[-61.4013,-14.1625]}},
{"type":"Feature","properties":{"country":"Bolivia","direction":"E","système":"EPSG:4326"},"geometry":{"type":"Point","coordinates":[-59.3412,-16.4001]}},
{"type":"Feature","properties":{"country":"Bolivia","direction":"SE","système":"EPSG:4326"},"geometry":{"type":"Point","coordinates":[-61.2101,-18.8289]}},
{"type":"Feature","properties":{"country":"Bolivia","direction":"S","système":"EPSG:4326"},"geometry":{"type":"Point","coordinates":[-63.6389,-20.885]}},
{"type":"Feature","properties":{"country":"Bolivia","direction":"SW","système":"EPSG:4326"},"geometry":{"type":"Point","coordinates":[-67.4367,-20.1979]}},
{"type":"Feature","properties":{"country":"Bolivia","direction":"W","système":"EPSG:4326"},"geometry":{"type":"Point","coordinates":[-67.9367,-16.4001]}},
{"type":"Feature","properties":{"country":"Bolivia","direction":"NW","système":"EPSG:4326"},"geometry":{"type":"Point","coordinates":[-67.9522,-12.0869]}},
{"type":"Feature","properties":{"country":"Peru","direction":"N","système":"EPSG:4326"},"geometry":{"type":"Point","coordinates":[-75.8747,-3.3521]}},
{"type":"Feature","properties":{"country":"Peru","direction":"NE","système":"EPSG:4326"},"geometry":{"type":"Point","coordinates":[-74.1542,-7.527]}},
{"type":"Feature","properties":{"country":"Peru","direction":"E","système":"EPSG:4326"},"geometry":{"type":"Point","coordinates":[-73.6718,-9.2475]}},
{"type":"Feature","properties":{"country":"Peru","direction":"SE","système":"EPSG:4326"},"geometry":{"type":"Point","coordinates":[-70.6261,-14.4962]}},
{"type":"Feature","properties":{"country":"Peru","direction":"S","système":"EPSG:4326"},"geometry":{"type":"Point","coordinates":[-75.8747,-13.6549]}},
{"type":"Feature","properties":{"country":"Peru","direction":"SW","système":"EPSG:4326"},"geometry":{"type":"Point","coordinates":[-77.3457,-10.7185]}},
{"type":"Feature","properties":{"country":"Peru","direction":"W","système":"EPSG:4326"},"geometry":{"type":"Point","coordinates":[-78.0777,-9.2475]}},
{"type":"Feature","properties":{"country":"Peru","direction":"NW","système":"EPSG:4326"},"geometry":{"type":"Point","coordinates":[-80.0485,-5.0737]}},
{"type":"Feature","properties":{"country":"Colombia","direction":"N","système":"EPSG:4326"},"geometry":{"type":"Point","coordinates":[-72.4865,7.5551]}},
{"type":"Feature","properties":{"country":"Colombia","direction":"NE","système":"EPSG:4326"},"geometry":{"type":"Point","coordinates":[-70.3565,6.0986]}},
{"type":"Feature","properties":{"country":"Colombia","direction":"E","système":"EPSG:4326"},"geometry":{"type":"Point","coordinates":[-68.626,3.9686]}},
{"type":"Feature","properties":{"country":"Colombia","direction":"SE","système":"EPSG:4326"},"geometry":{"type":"Point","coordinates":[-70.3442,1.8263]}},
{"type":"Feature","properties":{"country":"Colombia","direction":"S","système":"EPSG:4326"},"geometry":{"type":"Point","coordinates":[-72.4865,-1.132]}},
{"type":"Feature","properties":{"country":"Colombia","direction":"SW","système":"EPSG:4326"},"geometry":{"type":"Point","coordinates":[-75.4102,1.0449]}},
{"type":"Feature","properties":{"country":"Colombia","direction":"W","système":"EPSG:4326"},"geometry":{"type":"Point","coordinates":[-76.3469,3.9686]}},
{"type":"Feature","properties":{"country":"Colombia","direction":"NW","système":"EPSG:4326"},"geometry":{"type":"Point","coordinates":[-76.2393,7.7215]}},
{"type":"Feature","properties":{"country":"Panama","direction":"N","système":"EPSG:4326"},"geometry":{"type":"Point","coordinates":[-81.4831,8.7414]}},
{"type":"Feature","properties":{"country":"Panama","direction":"NE","système":"EPSG:4326"},"geometry":{"type":"Point","coordinates":[-81.1322,8.7565]}},
{"type":"Feature","properties":{"country":"Panama","direction":"E","système":"EPSG:4326"},"geometry":{"type":"Point","coordinates":[-80.3352,8.4056]}},
{"type":"Feature","properties":{"country":"Panama","direction":"SE","système":"EPSG:4326"},"geometry":{"type":"Point","coordinates":[-80.6051,7.5276]}},
{"type":"Feature","properties":{"country":"Panama","direction":"S","système":"EPSG:4326"},"geometry":{"type":"Point","coordinates":[-81.4831,7.8412]}},
{"type":"Feature","properties":{"country":"Panama","direction":"SW","système":"EPSG:4326"},"geometry":{"type":"Point","coordinates":[-81.7139,8.1748]}},
{"type":"Feature","properties":{"country":"Panama","direction":"W","système":"EPSG:4326"},"geometry":{"type":"Point","coordinates":[-82.631,8.4056]}},
{"type":"Feature","properties":{"country":"Panama","direction":"NW","système":"EPSG:4326"},"geometry":{"type":"Point","coordinates":[-81.9414,8.8639]}},
{"type":"Feature","properties":{"country":"Costa Rica","direction":"N","système":"EPSG:4326"},"geometry":{"type":"Point","coordinates":[-83.6838,10.6722]}},
{"type":"Feature","properties":{"country":"Costa Rica","direction":"NE","système":"EPSG:4326"},"geometry":{"type":"Point","coordinates":[-83.2986,10.091]}},
{"type":"Feature","properties":{"country":"Costa Rica","direction":"E","système":"EPSG:4326"},"geometry":{"type":"Point","coordinates":[-82.8966,9.7058]}},
{"type":"Feature","properties":{"country":"Costa Rica","direction":"SE","système":"EPSG:4326"},"geometry":{"type":"Point","coordinates":[-82.9945,9.0164]}},
{"type":"Feature","properties":{"country":"Costa Rica","direction":"S","système":"EPSG:4326"},"geometry":{"type":"Point","coordinates":[-83.6838,9.2176]}},
{"type":"Feature","properties":{"country":"Costa Rica","direction":"SW","système":"EPSG:4326"},"geometry":{"type":"Point","coordinates":[-83.9655,9.4241]}},
{"type":"Feature","properties":{"country":"Costa Rica","direction":"W","système":"EPSG:4326"},"geometry":{"type":"Point","coordinates":[-84.4711,9.7058]}},
{"type":"Feature","properties":{"country":"Costa Rica","direction":"NW","système":"EPSG:4326"},"geometry":{"type":"Point","coordinates":[-84.6958,10.7177]}},
{"type":"Feature","properties":{"country":"Nicaragua","direction":"N","système":"EPSG:4326"},"geometry":{"type":"Point","coordinates":[-85.5744,13.8102]}},
{"type":"Feature","properties":{"country":"Nicaragua","direction":"NE","système":"EPSG:4326"},"geometry":{"type":"Point","coordinates":[-83.8749,14.589]}},
{"type":"Feature","properties":{"country":"Nicaragua","direction":"E","système":"EPSG:4326"},"geometry":{"type":"Point","coordinates":[-83.9171,12.8896]}},
{"type":"Feature","properties":{"country":"Nicaragua","direction":"SE","système":"EPSG:4326"},"geometry":{"type":"Point","coordinates":[-84.1655,11.4808]}},
{"type":"Feature","properties":{"country":"Nicaragua","direction":"S","système":"EPSG:4326"},"geometry":{"type":"Point","coordinates":[-85.5744,11.5431]}},
{"type":"Feature","properties":{"country":"Nicaragua","direction":"SW","système":"EPSG:4326"},"geometry":{"type":"Point","coordinates":[-86.377,12.0869]}},
{"type":"Feature","properties":{"country":"Nicaragua","direction":"W","système":"EPSG:4326"},"geometry":{"type":"Point","coordinates":[-87.2316,12.8896]}},
{"type":"Feature","properties":{"country":"Nicaragua","direction":"NW","système":"EPSG:4326"},"geometry":{"type":"Point","coordinates":[-86.2838,13.5991]}},
{"type":"Feature","properties":{"country":"Honduras","direction":"N","système":"EPSG:4326"},"geometry":{"type":"Point","coordinates":[-87.2279,15.5534]}},
{"type":"Feature","properties":{"country":"Honduras","direction":"NE","système":"EPSG:4326"},"geometry":{"type":"Point","coordinates":[-86.0464,15.6693]}},
{"type":"Feature","properties":{"country":"Honduras","direction":"E","système":"EPSG:4326"},"geometry":{"type":"Point","coordinates":[-85.5693,14.4878]}},
{"type":"Feature","properties":{"country":"Honduras","direction":"SE","système":"EPSG:4326"},"geometry":{"type":"Point","coordinates":[-86.6603,13.9203]}},
{"type":"Feature","properties":{"country":"Honduras","direction":"S","système":"EPSG:4326"},"geometry":{"type":"Point","coordinates":[-87.2279,13.2947]}},
{"type":"Feature","properties":{"country":"Honduras","direction":"SW","système":"EPSG:4326"},"geometry":{"type":"Point","coordinates":[-87.7167,13.9991]}},
{"type":"Feature","properties":{"country":"Honduras","direction":"W","système":"EPSG:4326"},"geometry":{"type":"Point","coordinates":[-88.8865,14.4878]}},
{"type":"Feature","properties":{"country":"Honduras","direction":"NW","système":"EPSG:4326"},"geometry":{"type":"Point","coordinates":[-88.1313,15.3912]}},
{"type":"Feature","properties":{"country":"El Salvador","direction":"N","système":"EPSG:4326"},"geometry":{"type":"Point","coordinates":[-88.9201,14.1325]}},
{"type":"Feature","properties":{"country":"El Salvador","direction":"NE","système":"EPSG:4326"},"geometry":{"type":"Point","coordinates":[-88.7288,14.0066]}},
{"type":"Feature","properties":{"country":"El Salvador","direction":"E","système":"EPSG:4326"},"geometry":{"type":"Point","coordinates":[-87.9932,13.8153]}},
{"type":"Feature","properties":{"country":"El Salvador","direction":"SE","système":"EPSG:4326"},"geometry":{"type":"Point","coordinates":[-88.3945,13.2897]}},
{"type":"Feature","properties":{"country":"El Salvador","direction":"S","système":"EPSG:4326"},"geometry":{"type":"Point","coordinates":[-88.9201,13.4004]}},
{"type":"Feature","properties":{"country":"El Salvador","direction":"SW","système":"EPSG:4326"},"geometry":{"type":"Point","coordinates":[-89.2039,13.5315]}},
{"type":"Feature","properties":{"country":"El Salvador","direction":"W","système":"EPSG:4326"},"geometry":{"type":"Point","coordinates":[-89.847,13.8153]}},
{"type":"Feature","properties":{"country":"El Salvador","direction":"NW","système":"EPSG:4326"},"geometry":{"type":"Point","coordinates":[-89.3779,14.2731]}},
{"type":"Feature","properties":{"country":"Guatemala","direction":"N","système":"EPSG:4326"},"geometry":{"type":"Point","coordinates":[-90.3342,17.4134]}},
{"type":"Feature","properties":{"country":"Guatemala","direction":"NE","système":"EPSG:4326"},"geometry":{"type":"Point","coordinates":[-89.3899,16.7359]}},
{"type":"Feature","properties":{"country":"Guatemala","direction":"E","système":"EPSG:4326"},"geometry":{"type":"Point","coordinates":[-89.0733,15.7916]}},
{"type":"Feature","properties":{"country":"Guatemala","direction":"SE","système":"EPSG:4326"},"geometry":{"type":"Point","coordinates":[-89.4103,14.8677]}},
{"type":"Feature","properties":{"country":"Guatemala","direction":"S","système":"EPSG:4326"},"geometry":{"type":"Point","coordinates":[-90.3342,14.2115]}},
{"type":"Feature","properties":{"country":"Guatemala","direction":"SW","système":"EPSG:4326"},"geometry":{"type":"Point","coordinates":[-91.5589,14.5669]}},
{"type":"Feature","properties":{"country":"Guatemala","direction":"W","système":"EPSG:4326"},"geometry":{"type":"Point","coordinates":[-91.5951,15.7916]}},
{"type":"Feature","properties":{"country":"Guatemala","direction":"NW","système":"EPSG:4326"},"geometry":{"type":"Point","coordinates":[-90.5563,16.0137]}},
{"type":"Feature","properties":{"country":"Belize","direction":"N","système":"EPSG:4326"},"geometry":{"type":"Point","coordinates":[-88.6991,17.9699]}},
{"type":"Feature","properties":{"country":"Belize","direction":"NE","système":"EPSG:4326"},"geometry":{"type":"Point","coordinates":[-88.3297,17.6799]}},
{"type":"Feature","properties":{"country":"Belize","direction":"E","système":"EPSG:4326"},"geometry":{"type":"Point","coordinates":[-88.34,17.3106]}},
{"type":"Feature","properties":{"country":"Belize","direction":"SE","système":"EPSG:4326"},"geometry":{"type":"Point","coordinates":[-88.3591,16.9705]}},
{"type":"Feature","properties":{"country":"Belize","direction":"S","système":"EPSG:4326"},"geometry":{"type":"Point","coordinates":[-88.6991,16.4537]}},
{"type":"Feature","properties":{"country":"Belize","direction":"SW","système":"EPSG:4326"},"geometry":{"type":"Point","coordinates":[-89.0698,16.9399]}},
{"type":"Feature","properties":{"country":"Belize","direction":"W","système":"EPSG:4326"},"geometry":{"type":"Point","coordinates":[-89.0582,17.3106]}},
{"type":"Feature","properties":{"country":"Belize","direction":"NW","système":"EPSG:4326"},"geometry":{"type":"Point","coordinates":[-89.0547,17.6662]}},
{"type":"Feature","properties":{"country":"Venezuela","direction":"N","système":"EPSG:4326"},"geometry":{"type":"Point","coordinates":[-65.4259,9.4273]}},
{"type":"Feature","properties":{"country":"Venezuela","direction":"NE","système":"EPSG:4326"},"geometry":{"type":"Point","coordinates":[-62.6822,9.2254]}},
{"type":"Feature","properties":{"country":"Venezuela","direction":"E","système":"EPSG:4326"},"geometry":{"type":"Point","coordinates":[-62.0053,6.4817]}},
{"type":"Feature","properties":{"country":"Venezuela","direction":"SE","système":"EPSG:4326"},"geometry":{"type":"Point","coordinates":[-63.3933,4.4491]}},
{"type":"Feature","properties":{"country":"Venezuela","direction":"S","système":"EPSG:4326"},"geometry":{"type":"Point","coordinates":[-65.4259,2.0825]}},
{"type":"Feature","properties":{"country":"Venezuela","direction":"SW","système":"EPSG:4326"},"geometry":{"type":"Point","coordinates":[-67.2656,4.642]}},
{"type":"Feature","properties":{"country":"Venezuela","direction":"W","système":"EPSG:4326"},"geometry":{"type":"Point","coordinates":[-68.8466,6.4817]}},
{"type":"Feature","properties":{"country":"Venezuela","direction":"NW","système":"EPSG:4326"},"geometry":{"type":"Point","coordinates":[-69.3086,10.3644]}},
{"type":"Feature","properties":{"country":"Guyana","direction":"N","système":"EPSG:4326"},"geometry":{"type":"Point","coordinates":[-58.8454,7.1661]}},
{"type":"Feature","properties":{"country":"Guyana","direction":"NE","système":"EPSG:4326"},"geometry":{"type":"Point","coordinates":[-57.7583,6.0004]}},
{"type":"Feature","properties":{"country":"Guyana","direction":"E","système":"EPSG:4326"},"geometry":{"type":"Point","coordinates":[-57.9131,4.9133]}},
{"type":"Feature","properties":{"country":"Guyana","direction":"SE","système":"EPSG:4326"},"geometry":{"type":"Point","coordinates":[-58.1939,4.2619]}},
{"type":"Feature","properties":{"country":"Guyana","direction":"S","système":"EPSG:4326"},"geometry":{"type":"Point","coordinates":[-58.8454,2.0218]}},
{"type":"Feature","properties":{"country":"Guyana","direction":"SW","système":"EPSG:4326"},"geometry":{"type":"Point","coordinates":[-59.4687,4.29]}},
{"type":"Feature","properties":{"country":"Guyana","direction":"W","système":"EPSG:4326"},"geometry":{"type":"Point","coordinates":[-59.7777,4.9133]}},
{"type":"Feature","properties":{"country":"Guyana","direction":"NW","système":"EPSG:4326"},"geometry":{"type":"Point","coordinates":[-60.3595,6.4274]}},
{"type":"Feature","properties":{"country":"Suriname","direction":"N","système":"EPSG:4326"},"geometry":{"type":"Point","coordinates":[-56.0316,5.3974]}},
{"type":"Feature","properties":{"country":"Suriname","direction":"NE","système":"EPSG:4326"},"geometry":{"type":"Point","coordinates":[-54.4735,5.3985]}},
{"type":"Feature","properties":{"country":"Suriname","direction":"E","système":"EPSG:4326"},"geometry":{"type":"Point","coordinates":[-54.5287,3.8405]}},
{"type":"Feature","properties":{"country":"Suriname","direction":"SE","système":"EPSG:4326"},"geometry":{"type":"Point","coordinates":[-54.8195,2.6284]}},
{"type":"Feature","properties":{"country":"Suriname","direction":"S","système":"EPSG:4326"},"geometry":{"type":"Point","coordinates":[-56.0316,2.6414]}},
{"type":"Feature","properties":{"country":"Suriname","direction":"SW","système":"EPSG:4326"},"geometry":{"type":"Point","coordinates":[-56.9109,2.9612]}},
{"type":"Feature","properties":{"country":"Suriname","direction":"W","système":"EPSG:4326"},"geometry":{"type":"Point","coordinates":[-57.5345,3.8405]}},
{"type":"Feature","properties":{"country":"Suriname","direction":"NW","système":"EPSG:4326"},"geometry":{"type":"Point","coordinates":[-57.047,4.8558]}},
{"type":"Feature","properties":{"country":"Ecuador","direction":"N","système":"EPSG:4326"},"geometry":{"type":"Point","coordinates":[-78.2787,0.4888]}},
{"type":"Feature","properties":{"country":"Ecuador","direction":"NE","système":"EPSG:4326"},"geometry":{"type":"Point","coordinates":[-76.5974,-0.082]}},
{"type":"Feature","properties":{"country":"Ecuador","direction":"E","système":"EPSG:4326"},"geometry":{"type":"Point","coordinates":[-76.2598,-1.7633]}},
{"type":"Feature","properties":{"country":"Ecuador","direction":"SE","système":"EPSG:4326"},"geometry":{"type":"Point","coordinates":[-77.4448,-2.5973]}},
{"type":"Feature","properties":{"country":"Ecuador","direction":"S","système":"EPSG:4326"},"geometry":{"type":"Point","coordinates":[-78.2787,-3.2558]}},
{"type":"Feature","properties":{"country":"Ecuador","direction":"SW","système":"EPSG:4326"},"geometry":{"type":"Point","coordinates":[-79.83,-3.3146]}},
{"type":"Feature","properties":{"country":"Ecuador","direction":"W","système":"EPSG:4326"},"geometry":{"type":"Point","coordinates":[-80.2976,-1.7633]}},
{"type":"Feature","properties":{"country":"Ecuador","direction":"NW","système":"EPSG:4326"},"geometry":{"type":"Point","coordinates":[-79.7854,-0.2566]}},
{"type":"Feature","properties":{"country":"Jamaica","direction":"N","système":"EPSG:4326"},"geometry":{"type":"Point","coordinates":[-77.1515,18.3526]}},
{"type":"Feature","properties":{"country":"Jamaica","direction":"NE","système":"EPSG:4326"},"geometry":{"type":"Point","coordinates":[-76.8803,18.295]}},
{"type":"Feature","properties":{"country":"Jamaica","direction":"E","système":"EPSG:4326"},"geometry":{"type":"Point","coordinates":[-76.4563,18.0238]}},
{"type":"Feature","properties":{"country":"Jamaica","direction":"SE","système":"EPSG:4326"},"geometry":{"type":"Point","coordinates":[-77.0005,17.8728]}},
{"type":"Feature","properties":{"country":"Jamaica","direction":"S","système":"EPSG:4326"},"geometry":{"type":"Point","coordinates":[-77.1515,17.7898]}},
{"type":"Feature","properties":{"country":"Jamaica","direction":"SW","système":"EPSG:4326"},"geometry":{"type":"Point","coordinates":[-77.3619,17.8134]}},
{"type":"Feature","properties":{"country":"Jamaica","direction":"W","système":"EPSG:4326"},"geometry":{"type":"Point","coordinates":[-77.8467,18.0238]}},
{"type":"Feature","properties":{"country":"Jamaica","direction":"NW","système":"EPSG:4326"},"geometry":{"type":"Point","coordinates":[-77.5316,18.4039]}},
{"type":"Feature","properties":{"country":"Cuba","direction":"N","système":"EPSG:4326"},"geometry":{"type":"Point","coordinates":[-77.7048,21.931]}},
{"type":"Feature","properties":{"country":"Cuba","direction":"NE","système":"EPSG:4326"},"geometry":{"type":"Point","coordinates":[-77.3923,21.7024]}},
{"type":"Feature","properties":{"country":"Cuba","direction":"E","système":"EPSG:4326"},"geometry":{"type":"Point","coordinates":[-76.9622,21.3899]}},
{"type":"Feature","properties":{"country":"Cuba","direction":"SE","système":"EPSG:4326"},"geometry":{"type":"Point","coordinates":[-76.5495,20.2345]}},
{"type":"Feature","properties":{"country":"Cuba","direction":"S","système":"EPSG:4326"},"geometry":{"type":"Point","coordinates":[-77.7048,20.8341]}},
{"type":"Feature","properties":{"country":"Cuba","direction":"SW","système":"EPSG:4326"},"geometry":{"type":"Point","coordinates":[-78.1456,20.9491]}},
{"type":"Feature","properties":{"country":"Cuba","direction":"W","système":"EPSG:4326"},"geometry":{"type":"Point","coordinates":[-78.4475,21.3899]}},
{"type":"Feature","properties":{"country":"Cuba","direction":"NW","système":"EPSG:4326"},"geometry":{"type":"Point","coordinates":[-78.5613,22.2463]}},
{"type":"Feature","properties":{"country":"Zimbabwe","direction":"N","système":"EPSG:4326"},"geometry":{"type":"Point","coordinates":[29.3217,-16.4257]}},
{"type":"Feature","properties":{"country":"Zimbabwe","direction":"NE","système":"EPSG:4326"},"geometry":{"type":"Point","coordinates":[31.4529,-16.8726]}},
{"type":"Feature","properties":{"country":"Zimbabwe","direction":"E","système":"EPSG:4326"},"geometry":{"type":"Point","coordinates":[31.973,-19.0037]}},
{"type":"Feature","properties":{"country":"Zimbabwe","direction":"SE","système":"EPSG:4326"},"geometry":{"type":"Point","coordinates":[31.3482,-21.0302]}},
{"type":"Feature","properties":{"country":"Zimbabwe","direction":"S","système":"EPSG:4326"},"geometry":{"type":"Point","coordinates":[29.3217,-21.4112]}},
{"type":"Feature","properties":{"country":"Zimbabwe","direction":"SW","système":"EPSG:4326"},"geometry":{"type":"Point","coordinates":[28.0447,-20.2808]}},
{"type":"Feature","properties":{"country":"Zimbabwe","direction":"W","système":"EPSG:4326"},"geometry":{"type":"Point","coordinates":[26.6704,-19.0037]}},
{"type":"Feature","properties":{"country":"Zimbabwe","direction":"NW","système":"EPSG:4326"},"geometry":{"type":"Point","coordinates":[27.9473,-17.6293]}},
{"type":"Feature","properties":{"country":"Botswana","direction":"N","système":"EPSG:4326"},"geometry":{"type":"Point","coordinates":[24.3101,-18.8028]}},
{"type":"Feature","properties":{"country":"Botswana","direction":"NE","système":"EPSG:4326"},"geometry":{"type":"Point","coordinates":[26.3264,-20.4433]}},
{"type":"Feature","properties":{"country":"Botswana","direction":"E","système":"EPSG:4326"},"geometry":{"type":"Point","coordinates":[27.8418,-22.4595]}},
{"type":"Feature","properties":{"country":"Botswana","direction":"SE","système":"EPSG:4326"},"geometry":{"type":"Point","coordinates":[26.0375,-24.1869]}},
{"type":"Feature","properties":{"country":"Botswana","direction":"S","système":"EPSG:4326"},"geometry":{"type":"Point","coordinates":[24.3101,-25.0329]}},
{"type":"Feature","properties":{"country":"Botswana","direction":"SW","système":"EPSG:4326"},"geometry":{"type":"Point","coordinates":[21.4485,-25.3211]}},
{"type":"Feature","properties":{"country":"Botswana","direction":"W","système":"EPSG:4326"},"geometry":{"type":"Point","coordinates":[20.7784,-22.4595]}},
{"type":"Feature","properties":{"country":"Botswana","direction":"NW","système":"EPSG:4326"},"geometry":{"type":"Point","coordinates":[21.5852,-19.7346]}},
{"type":"Feature","properties":{"country":"Namibia","direction":"N","système":"EPSG:4326"},"geometry":{"type":"Point","coordinates":[17.1463,-18.5084]}},
{"type":"Feature","properties":{"country":"Namibia","direction":"NE","système":"EPSG:4326"},"geometry":{"type":"Point","coordinates":[20.1495,-20.2516]}},
{"type":"Feature","properties":{"country":"Namibia","direction":"E","système":"EPSG:4326"},"geometry":{"type":"Point","coordinates":[19.3457,-23.2548]}},
{"type":"Feature","properties":{"country":"Namibia","direction":"SE","système":"EPSG:4326"},"geometry":{"type":"Point","coordinates":[19.3456,-25.4542]}},
{"type":"Feature","properties":{"country":"Namibia","direction":"S","système":"EPSG:4326"},"geometry":{"type":"Point","coordinates":[17.1463,-27.2954]}},
{"type":"Feature","properties":{"country":"Namibia","direction":"SW","système":"EPSG:4326"},"geometry":{"type":"Point","coordinates":[15.2776,-25.1235]}},
{"type":"Feature","properties":{"country":"Namibia","direction":"W","système":"EPSG:4326"},"geometry":{"type":"Point","coordinates":[14.9468,-23.2548]}},
{"type":"Feature","properties":{"country":"Namibia","direction":"NW","système":"EPSG:4326"},"geometry":{"type":"Point","coordinates":[12.8538,-18.9624]}},
{"type":"Feature","properties":{"country":"Senegal","direction":"N","système":"EPSG:4326"},"geometry":{"type":"Point","coordinates":[-14.7292,16.1753]}},
{"type":"Feature","properties":{"country":"Senegal","direction":"NE","système":"EPSG:4326"},"geometry":{"type":"Point","coordinates":[-13.6039,15.6205]}},
{"type":"Feature","properties":{"country":"Senegal","direction":"E","système":"EPSG:4326"},"geometry":{"type":"Point","coordinates":[-12.6753,14.4952]}},
{"type":"Feature","properties":{"country":"Senegal","direction":"SE","système":"EPSG:4326"},"geometry":{"type":"Point","coordinates":[-13.0263,12.7922]}},
{"type":"Feature","properties":{"country":"Senegal","direction":"S","système":"EPSG:4326"},"geometry":{"type":"Point","coordinates":[-14.7292,13.8244]}},
{"type":"Feature","properties":{"country":"Senegal","direction":"SW","système":"EPSG:4326"},"geometry":{"type":"Point","coordinates":[-15.2355,13.9888]}},
{"type":"Feature","properties":{"country":"Senegal","direction":"W","système":"EPSG:4326"},"geometry":{"type":"Point","coordinates":[-16.7831,14.4952]}},
{"type":"Feature","properties":{"country":"Senegal","direction":"NW","système":"EPSG:4326"},"geometry":{"type":"Point","coordinates":[-16.0775,15.8434]}},
{"type":"Feature","properties":{"country":"Mali","direction":"N","système":"EPSG:4326"},"geometry":{"type":"Point","coordinates":[-0.7009,21.3857]}},
{"type":"Feature","properties":{"country":"Mali","direction":"NE","système":"EPSG:4326"},"geometry":{"type":"Point","coordinates":[1.3539,20.0096]}},
{"type":"Feature","properties":{"country":"Mali","direction":"E","système":"EPSG:4326"},"geometry":{"type":"Point","coordinates":[3.2749,17.9548]}},
{"type":"Feature","properties":{"country":"Mali","direction":"SE","système":"EPSG:4326"},"geometry":{"type":"Point","coordinates":[1.3782,15.8756]}},
{"type":"Feature","properties":{"country":"Mali","direction":"S","système":"EPSG:4326"},"geometry":{"type":"Point","coordinates":[-0.7009,15.6456]}},
{"type":"Feature","properties":{"country":"Mali","direction":"SW","système":"EPSG:4326"},"geometry":{"type":"Point","coordinates":[-6.7367,11.919]}},
{"type":"Feature","properties":{"country":"Mali","direction":"W","système":"EPSG:4326"},"geometry":{"type":"Point","coordinates":[-4.6768,17.9548]}},
{"type":"Feature","properties":{"country":"Mali","direction":"NW","système":"EPSG:4326"},"geometry":{"type":"Point","coordinates":[-5.1774,22.4313]}},
{"type":"Feature","properties":{"country":"Mauritania","direction":"N","système":"EPSG:4326"},"geometry":{"type":"Point","coordinates":[-11.493,24.9733]}},
{"type":"Feature","properties":{"country":"Mauritania","direction":"NE","système":"EPSG:4326"},"geometry":{"type":"Point","coordinates":[-7.5798,25.0766]}},
{"type":"Feature","properties":{"country":"Mauritania","direction":"E","système":"EPSG:4326"},"geometry":{"type":"Point","coordinates":[-7.1223,21.1634]}},
{"type":"Feature","properties":{"country":"Mauritania","direction":"SE","système":"EPSG:4326"},"geometry":{"type":"Point","coordinates":[-6.9627,16.6331]}},
{"type":"Feature","properties":{"country":"Mauritania","direction":"S","système":"EPSG:4326"},"geometry":{"type":"Point","coordinates":[-11.493,16.5533]}},
{"type":"Feature","properties":{"country":"Mauritania","direction":"SW","système":"EPSG:4326"},"geometry":{"type":"Point","coordinates":[-15.4755,17.1809]}},
{"type":"Feature","properties":{"country":"Mauritania","direction":"W","système":"EPSG:4326"},"geometry":{"type":"Point","coordinates":[-15.8637,21.1634]}},
{"type":"Feature","properties":{"country":"Mauritania","direction":"NW","système":"EPSG:4326"},"geometry":{"type":"Point","coordinates":[-12.789,22.4594]}},
{"type":"Feature","properties":{"country":"Benin","direction":"N","système":"EPSG:4326"},"geometry":{"type":"Point","coordinates":[2.2853,11.4907]}},
{"type":"Feature","properties":{"country":"Benin","direction":"NE","système":"EPSG:4326"},"geometry":{"type":"Point","coordinates":[3.4919,10.4427]}},
{"type":"Feature","properties":{"country":"Benin","direction":"E","système":"EPSG:4326"},"geometry":{"type":"Point","coordinates":[2.8661,9.2361]}},
{"type":"Feature","properties":{"country":"Benin","direction":"SE","système":"EPSG:4326"},"geometry":{"type":"Point","coordinates":[2.6896,8.8318]}},
{"type":"Feature","properties":{"country":"Benin","direction":"S","système":"EPSG:4326"},"geometry":{"type":"Point","coordinates":[2.2853,6.8084]}},
{"type":"Feature","properties":{"country":"Benin","direction":"SW","système":"EPSG:4326"},"geometry":{"type":"Point","coordinates":[1.7803,8.7311]}},
{"type":"Feature","properties":{"country":"Benin","direction":"W","système":"EPSG:4326"},"geometry":{"type":"Point","coordinates":[1.7045,9.2361]}},
{"type":"Feature","properties":{"country":"Benin","direction":"NW","système":"EPSG:4326"},"geometry":{"type":"Point","coordinates":[1.1183,10.4032]}},
{"type":"Feature","properties":{"country":"Niger","direction":"N","système":"EPSG:4326"},"geometry":{"type":"Point","coordinates":[9.7741,21.2651]}},
{"type":"Feature","properties":{"country":"Niger","direction":"NE","système":"EPSG:4326"},"geometry":{"type":"Point","coordinates":[13.879,21.495]}},
{"type":"Feature","properties":{"country":"Niger","direction":"E","système":"EPSG:4326"},"geometry":{"type":"Point","coordinates":[14.1777,17.3901]}},
{"type":"Feature","properties":{"country":"Niger","direction":"SE","système":"EPSG:4326"},"geometry":{"type":"Point","coordinates":[13.4245,13.7397]}},
{"type":"Feature","properties":{"country":"Niger","direction":"S","système":"EPSG:4326"},"geometry":{"type":"Point","coordinates":[9.7741,13.9029]}},
{"type":"Feature","properties":{"country":"Niger","direction":"SW","système":"EPSG:4326"},"geometry":{"type":"Point","coordinates":[6.7797,14.3956]}},
{"type":"Feature","properties":{"country":"Niger","direction":"W","système":"EPSG:4326"},"geometry":{"type":"Point","coordinates":[5.3705,17.3901]}},
{"type":"Feature","properties":{"country":"Niger","direction":"NW","système":"EPSG:4326"},"geometry":{"type":"Point","coordinates":[7.3955,19.7687]}},
{"type":"Feature","properties":{"country":"Nigeria","direction":"N","système":"EPSG:4326"},"geometry":{"type":"Point","coordinates":[7.8319,12.4511]}},
{"type":"Feature","properties":{"country":"Nigeria","direction":"NE","système":"EPSG:4326"},"geometry":{"type":"Point","coordinates":[11.1985,12.2943]}},
{"type":"Feature","properties":{"country":"Nigeria","direction":"E","système":"EPSG:4326"},"geometry":{"type":"Point","coordinates":[11.8177,8.9277]}},
{"type":"Feature","properties":{"country":"Nigeria","direction":"SE","système":"EPSG:4326"},"geometry":{"type":"Point","coordinates":[9.5006,7.2589]}},
{"type":"Feature","properties":{"country":"Nigeria","direction":"S","système":"EPSG:4326"},"geometry":{"type":"Point","coordinates":[7.8319,5.4178]}},
{"type":"Feature","properties":{"country":"Nigeria","direction":"SW","système":"EPSG:4326"},"geometry":{"type":"Point","coordinates":[5.3788,6.4746]}},
{"type":"Feature","properties":{"country":"Nigeria","direction":"W","système":"EPSG:4326"},"geometry":{"type":"Point","coordinates":[3.846,8.9277]}},
{"type":"Feature","properties":{"country":"Nigeria","direction":"NW","système":"EPSG:4326"},"geometry":{"type":"Point","coordinates":[4.6857,12.0738]}},
{"type":"Feature","properties":{"country":"Cameroon","direction":"N","système":"EPSG:4326"},"geometry":{"type":"Point","coordinates":[13.4916,9.9269]}},
{"type":"Feature","properties":{"country":"Cameroon","direction":"NE","système":"EPSG:4326"},"geometry":{"type":"Point","coordinates":[14.6989,8.4335]}},
{"type":"Feature","properties":{"country":"Cameroon","direction":"E","système":"EPSG:4326"},"geometry":{"type":"Point","coordinates":[14.8442,7.2262]}},
{"type":"Feature","properties":{"country":"Cameroon","direction":"SE","système":"EPSG:4326"},"geometry":{"type":"Point","coordinates":[14.3243,6.3935]}},
{"type":"Feature","properties":{"country":"Cameroon","direction":"S","système":"EPSG:4326"},"geometry":{"type":"Point","coordinates":[13.4916,3.2486]}},
{"type":"Feature","properties":{"country":"Cameroon","direction":"SW","système":"EPSG:4326"},"geometry":{"type":"Point","coordinates":[10.3988,4.1334]}},
{"type":"Feature","properties":{"country":"Cameroon","direction":"W","système":"EPSG:4326"},"geometry":{"type":"Point","coordinates":[12.139,7.2262]}},
{"type":"Feature","properties":{"country":"Cameroon","direction":"NW","système":"EPSG:4326"},"geometry":{"type":"Point","coordinates":[12.5607,8.1571]}},
{"type":"Feature","properties":{"country":"Togo","direction":"N","système":"EPSG:4326"},"geometry":{"type":"Point","coordinates":[1.1193,9.806]}},
{"type":"Feature","properties":{"country":"Togo","direction":"NE","système":"EPSG:4326"},"geometry":{"type":"Point","coordinates":[1.554,8.9296]}},
{"type":"Feature","properties":{"country":"Togo","direction":"E","système":"EPSG:4326"},"geometry":{"type":"Point","coordinates":[1.5454,8.4948]}},
{"type":"Feature","properties":{"country":"Togo","direction":"SE","système":"EPSG:4326"},"geometry":{"type":"Point","coordinates":[1.5371,8.077]}},
{"type":"Feature","properties":{"country":"Togo","direction":"S","système":"EPSG:4326"},"geometry":{"type":"Point","coordinates":[1.1193,6.4546]}},
{"type":"Feature","properties":{"country":"Togo","direction":"SW","système":"EPSG:4326"},"geometry":{"type":"Point","coordinates":[0.735,8.1105]}},
{"type":"Feature","properties":{"country":"Togo","direction":"W","système":"EPSG:4326"},"geometry":{"type":"Point","coordinates":[0.6931,8.4948]}},
{"type":"Feature","properties":{"country":"Togo","direction":"NW","système":"EPSG:4326"},"geometry":{"type":"Point","coordinates":[0.5404,9.0737]}},
{"type":"Feature","properties":{"country":"Ghana","direction":"N","système":"EPSG:4326"},"geometry":{"type":"Point","coordinates":[-1.0874,10.3557]}},
{"type":"Feature","properties":{"country":"Ghana","direction":"NE","système":"EPSG:4326"},"geometry":{"type":"Point","coordinates":[0.0922,8.9952]}},
{"type":"Feature","properties":{"country":"Ghana","direction":"E","système":"EPSG:4326"},"geometry":{"type":"Point","coordinates":[0.2546,7.8157]}},
{"type":"Feature","properties":{"country":"Ghana","direction":"SE","système":"EPSG:4326"},"geometry":{"type":"Point","coordinates":[0.4788,6.2495]}},
{"type":"Feature","properties":{"country":"Ghana","direction":"S","système":"EPSG:4326"},"geometry":{"type":"Point","coordinates":[-1.0874,5.5575]}},
{"type":"Feature","properties":{"country":"Ghana","direction":"SW","système":"EPSG:4326"},"geometry":{"type":"Point","coordinates":[-2.6544,6.2486]}},
{"type":"Feature","properties":{"country":"Ghana","direction":"W","système":"EPSG:4326"},"geometry":{"type":"Point","coordinates":[-2.4294,7.8157]}},
{"type":"Feature","properties":{"country":"Ghana","direction":"NW","système":"EPSG:4326"},"geometry":{"type":"Point","coordinates":[-2.4636,9.1919]}},
{"type":"Feature","properties":{"country":"Ivory Coast","direction":"N","système":"EPSG:4326"},"geometry":{"type":"Point","coordinates":[-5.6826,9.7248]}},
{"type":"Feature","properties":{"country":"Ivory Coast","direction":"NE","système":"EPSG:4326"},"geometry":{"type":"Point","coordinates":[-3.8362,9.387]}},
{"type":"Feature","properties":{"country":"Ivory Coast","direction":"E","système":"EPSG:4326"},"geometry":{"type":"Point","coordinates":[-3.4588,7.5406]}},
{"type":"Feature","properties":{"country":"Ivory Coast","direction":"SE","système":"EPSG:4326"},"geometry":{"type":"Point","coordinates":[-3.6408,5.4988]}},
{"type":"Feature","properties":{"country":"Ivory Coast","direction":"S","système":"EPSG:4326"},"geometry":{"type":"Point","coordinates":[-5.6826,5.521]}},
{"type":"Feature","properties":{"country":"Ivory Coast","direction":"SW","système":"EPSG:4326"},"geometry":{"type":"Point","coordinates":[-7.1895,6.0337]}},
{"type":"Feature","properties":{"country":"Ivory Coast","direction":"W","système":"EPSG:4326"},"geometry":{"type":"Point","coordinates":[-7.9064,7.5406]}},
{"type":"Feature","properties":{"country":"Ivory Coast","direction":"NW","système":"EPSG:4326"},"geometry":{"type":"Point","coordinates":[-7.7264,9.5844]}},
{"type":"Feature","properties":{"country":"Guinea","direction":"N","système":"EPSG:4326"},"geometry":{"type":"Point","coordinates":[-9.6575,11.7159]}},
{"type":"Feature","properties":{"country":"Guinea","direction":"NE","système":"EPSG:4326"},"geometry":{"type":"Point","coordinates":[-8.8084,10.8]}},
{"type":"Feature","properties":{"country":"Guinea","direction":"E","système":"EPSG:4326"},"geometry":{"type":"Point","coordinates":[-8.5487,9.9509]}},
{"type":"Feature","properties":{"country":"Guinea","direction":"SE","système":"EPSG:4326"},"geometry":{"type":"Point","coordinates":[-8.4692,8.7627]}},
{"type":"Feature","properties":{"country":"Guinea","direction":"S","système":"EPSG:4326"},"geometry":{"type":"Point","coordinates":[-9.6575,8.7084]}},
{"type":"Feature","properties":{"country":"Guinea","direction":"SW","système":"EPSG:4326"},"geometry":{"type":"Point","coordinates":[-10.4482,9.1603]}},
{"type":"Feature","properties":{"country":"Guinea","direction":"W","système":"EPSG:4326"},"geometry":{"type":"Point","coordinates":[-10.7664,9.9509]}},
{"type":"Feature","properties":{"country":"Guinea","direction":"NW","système":"EPSG:4326"},"geometry":{"type":"Point","coordinates":[-11.665,11.9585]}},
{"type":"Feature","properties":{"country":"Guinea-Bissau","direction":"N","système":"EPSG:4326"},"geometry":{"type":"Point","coordinates":[-15.0369,12.4702]}},
{"type":"Feature","properties":{"country":"Guinea-Bissau","direction":"NE","système":"EPSG:4326"},"geometry":{"type":"Point","coordinates":[-14.4647,12.4572]}},
{"type":"Feature","properties":{"country":"Guinea-Bissau","direction":"E","système":"EPSG:4326"},"geometry":{"type":"Point","coordinates":[-14.0171,11.885]}},
{"type":"Feature","properties":{"country":"Guinea-Bissau","direction":"SE","système":"EPSG:4326"},"geometry":{"type":"Point","coordinates":[-14.7509,11.5989]}},
{"type":"Feature","properties":{"country":"Guinea-Bissau","direction":"S","système":"EPSG:4326"},"geometry":{"type":"Point","coordinates":[-15.0369,11.2912]}},
{"type":"Feature","properties":{"country":"Guinea-Bissau","direction":"SW","système":"EPSG:4326"},"geometry":{"type":"Point","coordinates":[-15.4487,11.4733]}},
{"type":"Feature","properties":{"country":"Guinea-Bissau","direction":"W","système":"EPSG:4326"},"geometry":{"type":"Point","coordinates":[-16.0568,11.885]}},
{"type":"Feature","properties":{"country":"Guinea-Bissau","direction":"NW","système":"EPSG:4326"},"geometry":{"type":"Point","coordinates":[-15.5767,12.4247]}},
{"type":"Feature","properties":{"country":"Liberia","direction":"N","système":"EPSG:4326"},"geometry":{"type":"Point","coordinates":[-9.7102,8.046]}},
{"type":"Feature","properties":{"country":"Liberia","direction":"NE","système":"EPSG:4326"},"geometry":{"type":"Point","coordinates":[-8.7063,7.3342]}},
{"type":"Feature","properties":{"country":"Liberia","direction":"E","système":"EPSG:4326"},"geometry":{"type":"Point","coordinates":[-8.7077,6.3303]}},
{"type":"Feature","properties":{"country":"Liberia","direction":"SE","système":"EPSG:4326"},"geometry":{"type":"Point","coordinates":[-8.1368,4.7569]}},
{"type":"Feature","properties":{"country":"Liberia","direction":"S","système":"EPSG:4326"},"geometry":{"type":"Point","coordinates":[-9.7102,5.6047]}},
{"type":"Feature","properties":{"country":"Liberia","direction":"SW","système":"EPSG:4326"},"geometry":{"type":"Point","coordinates":[-10.1327,5.9078]}},
{"type":"Feature","properties":{"country":"Liberia","direction":"W","système":"EPSG:4326"},"geometry":{"type":"Point","coordinates":[-10.7126,6.3303]}},
{"type":"Feature","properties":{"country":"Liberia","direction":"NW","système":"EPSG:4326"},"geometry":{"type":"Point","coordinates":[-10.725,7.3451]}},
{"type":"Feature","properties":{"country":"Sierra Leone","direction":"N","système":"EPSG:4326"},"geometry":{"type":"Point","coordinates":[-11.8444,9.7497]}},
{"type":"Feature","properties":{"country":"Sierra Leone","direction":"NE","système":"EPSG:4326"},"geometry":{"type":"Point","coordinates":[-11.007,9.3983]}},
{"type":"Feature","properties":{"country":"Sierra Leone","direction":"E","système":"EPSG:4326"},"geometry":{"type":"Point","coordinates":[-10.7681,8.5609]}},
{"type":"Feature","properties":{"country":"Sierra Leone","direction":"SE","système":"EPSG:4326"},"geometry":{"type":"Point","coordinates":[-11.1169,7.8333]}},
{"type":"Feature","properties":{"country":"Sierra Leone","direction":"S","système":"EPSG:4326"},"geometry":{"type":"Point","coordinates":[-11.8444,7.2612]}},
{"type":"Feature","properties":{"country":"Sierra Leone","direction":"SW","système":"EPSG:4326"},"geometry":{"type":"Point","coordinates":[-12.5931,7.8122]}},
{"type":"Feature","properties":{"country":"Sierra Leone","direction":"W","système":"EPSG:4326"},"geometry":{"type":"Point","coordinates":[-12.9207,8.5609]}},
{"type":"Feature","properties":{"country":"Sierra Leone","direction":"NW","système":"EPSG:4326"},"geometry":{"type":"Point","coordinates":[-12.5183,9.2348]}},
{"type":"Feature","properties":{"country":"Burkina Faso","direction":"N","système":"EPSG:4326"},"geometry":{"type":"Point","coordinates":[-1.2756,14.353]}},
{"type":"Feature","properties":{"country":"Burkina Faso","direction":"NE","système":"EPSG:4326"},"geometry":{"type":"Point","coordinates":[0.1043,13.6213]}},
{"type":"Feature","properties":{"country":"Burkina Faso","direction":"E","système":"EPSG:4326"},"geometry":{"type":"Point","coordinates":[1.4764,12.2414]}},
{"type":"Feature","properties":{"country":"Burkina Faso","direction":"SE","système":"EPSG:4326"},"geometry":{"type":"Point","coordinates":[-0.3102,11.276]}},
{"type":"Feature","properties":{"country":"Burkina Faso","direction":"S","système":"EPSG:4326"},"geometry":{"type":"Point","coordinates":[-1.2756,11.2546]}},
{"type":"Feature","properties":{"country":"Burkina Faso","direction":"SW","système":"EPSG:4326"},"geometry":{"type":"Point","coordinates":[-2.29,11.227]}},
{"type":"Feature","properties":{"country":"Burkina Faso","direction":"W","système":"EPSG:4326"},"geometry":{"type":"Point","coordinates":[-4.0277,12.2414]}},
{"type":"Feature","properties":{"country":"Burkina Faso","direction":"NW","système":"EPSG:4326"},"geometry":{"type":"Point","coordinates":[-2.5607,13.5264]}},
{"type":"Feature","properties":{"country":"Central African Republic","direction":"N","système":"EPSG:4326"},"geometry":{"type":"Point","coordinates":[20.4787,8.7278]}},
{"type":"Feature","properties":{"country":"Central African Republic","direction":"NE","système":"EPSG:4326"},"geometry":{"type":"Point","coordinates":[22.9406,9.2248]}},
{"type":"Feature","properties":{"country":"Central African Republic","direction":"E","système":"EPSG:4326"},"geometry":{"type":"Point","coordinates":[24.8998,6.763]}},
{"type":"Feature","properties":{"country":"Central African Republic","direction":"SE","système":"EPSG:4326"},"geometry":{"type":"Point","coordinates":[22.2338,5.0079]}},
{"type":"Feature","properties":{"country":"Central African Republic","direction":"S","système":"EPSG:4326"},"geometry":{"type":"Point","coordinates":[20.4787,5.0188]}},
{"type":"Feature","properties":{"country":"Central African Republic","direction":"SW","système":"EPSG:4326"},"geometry":{"type":"Point","coordinates":[18.0015,4.2857]}},
{"type":"Feature","properties":{"country":"Central African Republic","direction":"W","système":"EPSG:4326"},"geometry":{"type":"Point","coordinates":[16.0577,6.763]}},
{"type":"Feature","properties":{"country":"Central African Republic","direction":"NW","système":"EPSG:4326"},"geometry":{"type":"Point","coordinates":[19.0808,8.1609]}},
{"type":"Feature","properties":{"country":"Republic of the Congo","direction":"N","système":"EPSG:4326"},"geometry":{"type":"Point","coordinates":[15.944,1.2708]}},
{"type":"Feature","properties":{"country":"Republic of the Congo","direction":"NE","système":"EPSG:4326"},"geometry":{"type":"Point","coordinates":[17.4509,0.8587]}},
{"type":"Feature","properties":{"country":"Republic of the Congo","direction":"E","système":"EPSG:4326"},"geometry":{"type":"Point","coordinates":[17.2353,-0.6482]}},
{"type":"Feature","properties":{"country":"Republic of the Congo","direction":"SE","système":"EPSG:4326"},"geometry":{"type":"Point","coordinates":[16.5516,-1.2558]}},
{"type":"Feature","properties":{"country":"Republic of the Congo","direction":"S","système":"EPSG:4326"},"geometry":{"type":"Point","coordinates":[15.944,-3.0209]}},
{"type":"Feature","properties":{"country":"Republic of the Congo","direction":"SW","système":"EPSG:4326"},"geometry":{"type":"Point","coordinates":[12.5947,-3.9975]}},
{"type":"Feature","properties":{"country":"Republic of the Congo","direction":"W","système":"EPSG:4326"},"geometry":{"type":"Point","coordinates":[14.6526,-0.6482]}},
{"type":"Feature","properties":{"country":"Republic of the Congo","direction":"NW","système":"EPSG:4326"},"geometry":{"type":"Point","coordinates":[14.5712,0.7246]}},
{"type":"Feature","properties":{"country":"Gabon","direction":"N","système":"EPSG:4326"},"geometry":{"type":"Point","coordinates":[11.5926,1.6548]}},
{"type":"Feature","properties":{"country":"Gabon","direction":"NE","système":"EPSG:4326"},"geometry":{"type":"Point","coordinates":[13.4562,0.9183]}},
{"type":"Feature","properties":{"country":"Gabon","direction":"E","système":"EPSG:4326"},"geometry":{"type":"Point","coordinates":[13.8155,-0.9452]}},
{"type":"Feature","properties":{"country":"Gabon","direction":"SE","système":"EPSG:4326"},"geometry":{"type":"Point","coordinates":[12.5421,-1.8947]}},
{"type":"Feature","properties":{"country":"Gabon","direction":"S","système":"EPSG:4326"},"geometry":{"type":"Point","coordinates":[11.5926,-2.3343]}},
{"type":"Feature","properties":{"country":"Gabon","direction":"SW","système":"EPSG:4326"},"geometry":{"type":"Point","coordinates":[10.1943,-2.3435]}},
{"type":"Feature","properties":{"country":"Gabon","direction":"W","système":"EPSG:4326"},"geometry":{"type":"Point","coordinates":[9.3698,-0.9452]}},
{"type":"Feature","properties":{"country":"Gabon","direction":"NW","système":"EPSG:4326"},"geometry":{"type":"Point","coordinates":[10.0115,0.636]}},
{"type":"Feature","properties":{"country":"Equatorial Guinea","direction":"N","système":"EPSG:4326"},"geometry":{"type":"Point","coordinates":[10.3771,2.1611]}},
{"type":"Feature","properties":{"country":"Equatorial Guinea","direction":"NE","système":"EPSG:4326"},"geometry":{"type":"Point","coordinates":[10.8211,2.1549]}},
{"type":"Feature","properties":{"country":"Equatorial Guinea","direction":"E","système":"EPSG:4326"},"geometry":{"type":"Point","coordinates":[11.0997,1.711]}},
{"type":"Feature","properties":{"country":"Equatorial Guinea","direction":"SE","système":"EPSG:4326"},"geometry":{"type":"Point","coordinates":[10.8984,1.1898]}},
{"type":"Feature","properties":{"country":"Equatorial Guinea","direction":"S","système":"EPSG:4326"},"geometry":{"type":"Point","coordinates":[10.3771,1.1934]}},
{"type":"Feature","properties":{"country":"Equatorial Guinea","direction":"SW","système":"EPSG:4326"},"geometry":{"type":"Point","coordinates":[9.8468,1.1806]}},
{"type":"Feature","properties":{"country":"Equatorial Guinea","direction":"W","système":"EPSG:4326"},"geometry":{"type":"Point","coordinates":[9.6545,1.711]}},
{"type":"Feature","properties":{"country":"Equatorial Guinea","direction":"NW","système":"EPSG:4326"},"geometry":{"type":"Point","coordinates":[9.9206,2.1675]}},
{"type":"Feature","properties":{"country":"Zambia","direction":"N","système":"EPSG:4326"},"geometry":{"type":"Point","coordinates":[25.3697,-11.6751]}},
{"type":"Feature","properties":{"country":"Zambia","direction":"NE","système":"EPSG:4326"},"geometry":{"type":"Point","coordinates":[26.2975,-12.1523]}},
{"type":"Feature","properties":{"country":"Zambia","direction":"E","système":"EPSG:4326"},"geometry":{"type":"Point","coordinates":[28.1205,-13.08]}},
{"type":"Feature","properties":{"country":"Zambia","direction":"SE","système":"EPSG:4326"},"geometry":{"type":"Point","coordinates":[28.0386,-15.7489]}},
{"type":"Feature","properties":{"country":"Zambia","direction":"S","système":"EPSG:4326"},"geometry":{"type":"Point","coordinates":[25.3697,-16.8135]}},
{"type":"Feature","properties":{"country":"Zambia","direction":"SW","système":"EPSG:4326"},"geometry":{"type":"Point","coordinates":[22.7583,-15.6914]}},
{"type":"Feature","properties":{"country":"Zambia","direction":"W","système":"EPSG:4326"},"geometry":{"type":"Point","coordinates":[22.619,-13.08]}},
{"type":"Feature","properties":{"country":"Zambia","direction":"NW","système":"EPSG:4326"},"geometry":{"type":"Point","coordinates":[24.2137,-11.9239]}},
{"type":"Feature","properties":{"country":"Malawi","direction":"N","système":"EPSG:4326"},"geometry":{"type":"Point","coordinates":[33.6684,-10.1578]}},
{"type":"Feature","properties":{"country":"Malawi","direction":"NE","système":"EPSG:4326"},"geometry":{"type":"Point","coordinates":[34.1978,-12.6452]}},
{"type":"Feature","properties":{"country":"Malawi","direction":"E","système":"EPSG:4326"},"geometry":{"type":"Point","coordinates":[34.3118,-13.1746]}},
{"type":"Feature","properties":{"country":"Malawi","direction":"SE","système":"EPSG:4326"},"geometry":{"type":"Point","coordinates":[35.3161,-14.8224]}},
{"type":"Feature","properties":{"country":"Malawi","direction":"S","système":"EPSG:4326"},"geometry":{"type":"Point","coordinates":[33.6684,-14.1155]}},
{"type":"Feature","properties":{"country":"Malawi","direction":"SW","système":"EPSG:4326"},"geometry":{"type":"Point","coordinates":[33.1211,-13.7219]}},
{"type":"Feature","properties":{"country":"Malawi","direction":"W","système":"EPSG:4326"},"geometry":{"type":"Point","coordinates":[33.0249,-13.1746]}},
{"type":"Feature","properties":{"country":"Malawi","direction":"NW","système":"EPSG:4326"},"geometry":{"type":"Point","coordinates":[33.2356,-12.7419]}},
{"type":"Feature","properties":{"country":"Mozambique","direction":"N","système":"EPSG:4326"},"geometry":{"type":"Point","coordinates":[34.6968,-16.8497]}},
{"type":"Feature","properties":{"country":"Mozambique","direction":"NE","système":"EPSG:4326"},"geometry":{"type":"Point","coordinates":[39.3699,-13.6463]}},
{"type":"Feature","properties":{"country":"Mozambique","direction":"E","système":"EPSG:4326"},"geometry":{"type":"Point","coordinates":[36.251,-18.3194]}},
{"type":"Feature","properties":{"country":"Mozambique","direction":"SE","système":"EPSG:4326"},"geometry":{"type":"Point","coordinates":[35.3882,-19.0108]}},
{"type":"Feature","properties":{"country":"Mozambique","direction":"S","système":"EPSG:4326"},"geometry":{"type":"Point","coordinates":[34.6968,-23.3593]}},
{"type":"Feature","properties":{"country":"Mozambique","direction":"SW","système":"EPSG:4326"},"geometry":{"type":"Point","coordinates":[32.8946,-20.1216]}},
{"type":"Feature","properties":{"country":"Mozambique","direction":"W","système":"EPSG:4326"},"geometry":{"type":"Point","coordinates":[33.1427,-18.3194]}},
{"type":"Feature","properties":{"country":"Mozambique","direction":"NW","système":"EPSG:4326"},"geometry":{"type":"Point","coordinates":[31.7083,-15.3309]}},
{"type":"Feature","properties":{"country":"eSwatini","direction":"N","système":"EPSG:4326"},"geometry":{"type":"Point","coordinates":[31.3601,-25.8492]}},
{"type":"Feature","properties":{"country":"eSwatini","direction":"NE","système":"EPSG:4326"},"geometry":{"type":"Point","coordinates":[31.7909,-26.1352]}},
{"type":"Feature","properties":{"country":"eSwatini","direction":"E","système":"EPSG:4326"},"geometry":{"type":"Point","coordinates":[31.9033,-26.5659]}},
{"type":"Feature","properties":{"country":"eSwatini","direction":"SE","système":"EPSG:4326"},"geometry":{"type":"Point","coordinates":[31.7926,-26.9985]}},
{"type":"Feature","properties":{"country":"eSwatini","direction":"S","système":"EPSG:4326"},"geometry":{"type":"Point","coordinates":[31.3601,-27.1305]}},
{"type":"Feature","properties":{"country":"eSwatini","direction":"SW","système":"EPSG:4326"},"geometry":{"type":"Point","coordinates":[31.0288,-26.8972]}},
{"type":"Feature","properties":{"country":"eSwatini","direction":"W","système":"EPSG:4326"},"geometry":{"type":"Point","coordinates":[30.8169,-26.5659]}},
{"type":"Feature","properties":{"country":"eSwatini","direction":"NW","système":"EPSG:4326"},"geometry":{"type":"Point","coordinates":[30.987,-26.1928]}},
{"type":"Feature","properties":{"country":"Angola","direction":"N","système":"EPSG:4326"},"geometry":{"type":"Point","coordinates":[18.8098,-8.7244]}},
{"type":"Feature","properties":{"country":"Angola","direction":"NE","système":"EPSG:4326"},"geometry":{"type":"Point","coordinates":[21.2086,-9.4816]}},
{"type":"Feature","properties":{"country":"Angola","direction":"E","système":"EPSG:4326"},"geometry":{"type":"Point","coordinates":[22.9327,-11.8805]}},
{"type":"Feature","properties":{"country":"Angola","direction":"SE","système":"EPSG:4326"},"geometry":{"type":"Point","coordinates":[21.285,-14.3557]}},
{"type":"Feature","properties":{"country":"Angola","direction":"S","système":"EPSG:4326"},"geometry":{"type":"Point","coordinates":[18.8098,-16.5264]}},
{"type":"Feature","properties":{"country":"Angola","direction":"SW","système":"EPSG:4326"},"geometry":{"type":"Point","coordinates":[14.6486,-16.0416]}},
{"type":"Feature","properties":{"country":"Angola","direction":"W","système":"EPSG:4326"},"geometry":{"type":"Point","coordinates":[14.6869,-11.8805]}},
{"type":"Feature","properties":{"country":"Angola","direction":"NW","système":"EPSG:4326"},"geometry":{"type":"Point","coordinates":[14.0868,-7.1575]}},
{"type":"Feature","properties":{"country":"Burundi","direction":"N","système":"EPSG:4326"},"geometry":{"type":"Point","coordinates":[29.9571,-2.5734]}},
{"type":"Feature","properties":{"country":"Burundi","direction":"NE","système":"EPSG:4326"},"geometry":{"type":"Point","coordinates":[30.447,-2.9741]}},
{"type":"Feature","properties":{"country":"Burundi","direction":"E","système":"EPSG:4326"},"geometry":{"type":"Point","coordinates":[30.4945,-3.4639]}},
{"type":"Feature","properties":{"country":"Burundi","direction":"SE","système":"EPSG:4326"},"geometry":{"type":"Point","coordinates":[30.2441,-3.751]}},
{"type":"Feature","properties":{"country":"Burundi","direction":"S","système":"EPSG:4326"},"geometry":{"type":"Point","coordinates":[29.9571,-4.0921]}},
{"type":"Feature","properties":{"country":"Burundi","direction":"SW","système":"EPSG:4326"},"geometry":{"type":"Point","coordinates":[29.4466,-3.9744]}},
{"type":"Feature","properties":{"country":"Burundi","direction":"W","système":"EPSG:4326"},"geometry":{"type":"Point","coordinates":[29.4197,-3.4639]}},
{"type":"Feature","properties":{"country":"Burundi","direction":"NW","système":"EPSG:4326"},"geometry":{"type":"Point","coordinates":[29.4939,-3.0008]}},
{"type":"Feature","properties":{"country":"Israel","direction":"N","système":"EPSG:4326"},"geometry":{"type":"Point","coordinates":[35.3015,32.416]}},
{"type":"Feature","properties":{"country":"Israel","direction":"NE","système":"EPSG:4326"},"geometry":{"type":"Point","coordinates":[35.4968,32.3256]}},
{"type":"Feature","properties":{"country":"Israel","direction":"E","système":"EPSG:4326"},"geometry":{"type":"Point","coordinates":[35.4967,32.1303]}},
{"type":"Feature","properties":{"country":"Israel","direction":"SE","système":"EPSG:4326"},"geometry":{"type":"Point","coordinates":[35.4966,31.9352]}},
{"type":"Feature","properties":{"country":"Israel","direction":"S","système":"EPSG:4326"},"geometry":{"type":"Point","coordinates":[35.3015,31.5952]}},
{"type":"Feature","properties":{"country":"Israel","direction":"SW","système":"EPSG:4326"},"geometry":{"type":"Point","coordinates":[35.0749,31.9037]}},
{"type":"Feature","properties":{"country":"Israel","direction":"W","système":"EPSG:4326"},"geometry":{"type":"Point","coordinates":[35.1063,32.1303]}},
{"type":"Feature","properties":{"country":"Israel","direction":"NW","système":"EPSG:4326"},"geometry":{"type":"Point","coordinates":[35.153,32.2788]}},
{"type":"Feature","properties":{"country":"Lebanon","direction":"N","système":"EPSG:4326"},"geometry":{"type":"Point","coordinates":[35.7947,34.2515]}},
{"type":"Feature","properties":{"country":"Lebanon","direction":"NE","système":"EPSG:4326"},"geometry":{"type":"Point","coordinates":[36.3352,34.4057]}},
{"type":"Feature","properties":{"country":"Lebanon","direction":"E","système":"EPSG:4326"},"geometry":{"type":"Point","coordinates":[36.0587,33.8652]}},
{"type":"Feature","properties":{"country":"Lebanon","direction":"SE","système":"EPSG:4326"},"geometry":{"type":"Point","coordinates":[35.9548,33.7051]}},
{"type":"Feature","properties":{"country":"Lebanon","direction":"S","système":"EPSG:4326"},"geometry":{"type":"Point","coordinates":[35.7947,33.3939]}},
{"type":"Feature","properties":{"country":"Lebanon","direction":"SW","système":"EPSG:4326"},"geometry":{"type":"Point","coordinates":[35.3255,33.396]}},
{"type":"Feature","properties":{"country":"Lebanon","direction":"W","système":"EPSG:4326"},"geometry":{"type":"Point","coordinates":[35.5306,33.8652]}},
{"type":"Feature","properties":{"country":"Lebanon","direction":"NW","système":"EPSG:4326"},"geometry":{"type":"Point","coordinates":[35.6348,34.025]}},
{"type":"Feature","properties":{"country":"Madagascar","direction":"N","système":"EPSG:4326"},"geometry":{"type":"Point","coordinates":[46.6695,-16.0676]}},
{"type":"Feature","properties":{"country":"Madagascar","direction":"NE","système":"EPSG:4326"},"geometry":{"type":"Point","coordinates":[49.1648,-16.1514]}},
{"type":"Feature","properties":{"country":"Madagascar","direction":"E","système":"EPSG:4326"},"geometry":{"type":"Point","coordinates":[48.6949,-18.6467]}},
{"type":"Feature","properties":{"country":"Madagascar","direction":"SE","système":"EPSG:4326"},"geometry":{"type":"Point","coordinates":[48.1671,-20.1443]}},
{"type":"Feature","properties":{"country":"Madagascar","direction":"S","système":"EPSG:4326"},"geometry":{"type":"Point","coordinates":[46.6695,-23.7819]}},
{"type":"Feature","properties":{"country":"Madagascar","direction":"SW","système":"EPSG:4326"},"geometry":{"type":"Point","coordinates":[43.9377,-21.3785]}},
{"type":"Feature","properties":{"country":"Madagascar","direction":"W","système":"EPSG:4326"},"geometry":{"type":"Point","coordinates":[44.6441,-18.6467]}},
{"type":"Feature","properties":{"country":"Madagascar","direction":"NW","système":"EPSG:4326"},"geometry":{"type":"Point","coordinates":[44.8622,-16.8394]}},
{"type":"Feature","properties":{"country":"Gambia","direction":"N","système":"EPSG:4326"},"geometry":{"type":"Point","coordinates":[-16.0419,13.5704]}},
{"type":"Feature","properties":{"country":"Gambia","direction":"NE","système":"EPSG:4326"},"geometry":{"type":"Point","coordinates":[-15.8685,13.575]}},
{"type":"Feature","properties":{"country":"Gambia","direction":"E","système":"EPSG:4326"},"geometry":{"type":"Point","coordinates":[-15.4598,13.4016]}},
{"type":"Feature","properties":{"country":"Gambia","direction":"SE","système":"EPSG:4326"},"geometry":{"type":"Point","coordinates":[-15.8722,13.2319]}},
{"type":"Feature","properties":{"country":"Gambia","direction":"S","système":"EPSG:4326"},"geometry":{"type":"Point","coordinates":[-16.0419,13.1866]}},
{"type":"Feature","properties":{"country":"Gambia","direction":"SW","système":"EPSG:4326"},"geometry":{"type":"Point","coordinates":[-16.252,13.1915]}},
{"type":"Feature","properties":{"country":"Gambia","direction":"W","système":"EPSG:4326"},"geometry":{"type":"Point","coordinates":[-16.6239,13.4016]}},
{"type":"Feature","properties":{"country":"Gambia","direction":"NW","système":"EPSG:4326"},"geometry":{"type":"Point","coordinates":[-16.2063,13.5661]}},
{"type":"Feature","properties":{"country":"Tunisia","direction":"N","système":"EPSG:4326"},"geometry":{"type":"Point","coordinates":[8.914,36.4916]}},
{"type":"Feature","properties":{"country":"Tunisia","direction":"NE","système":"EPSG:4326"},"geometry":{"type":"Point","coordinates":[10.4096,35.4371]}},
{"type":"Feature","properties":{"country":"Tunisia","direction":"E","système":"EPSG:4326"},"geometry":{"type":"Point","coordinates":[10.0111,33.9416]}},
{"type":"Feature","properties":{"country":"Tunisia","direction":"SE","système":"EPSG:4326"},"geometry":{"type":"Point","coordinates":[10.4716,32.384]}},
{"type":"Feature","properties":{"country":"Tunisia","direction":"S","système":"EPSG:4326"},"geometry":{"type":"Point","coordinates":[8.914,32.5446]}},
{"type":"Feature","properties":{"country":"Tunisia","direction":"SW","système":"EPSG:4326"},"geometry":{"type":"Point","coordinates":[8.1987,33.2263]}},
{"type":"Feature","properties":{"country":"Tunisia","direction":"W","système":"EPSG:4326"},"geometry":{"type":"Point","coordinates":[7.817,33.9416]}},
{"type":"Feature","properties":{"country":"Tunisia","direction":"NW","système":"EPSG:4326"},"geometry":{"type":"Point","coordinates":[8.3061,34.5494]}},
{"type":"Feature","properties":{"country":"Algeria","direction":"N","système":"EPSG:4326"},"geometry":{"type":"Point","coordinates":[0.5263,34.6299]}},
{"type":"Feature","properties":{"country":"Algeria","direction":"NE","système":"EPSG:4326"},"geometry":{"type":"Point","coordinates":[6.7737,34.1636]}},
{"type":"Feature","properties":{"country":"Algeria","direction":"E","système":"EPSG:4326"},"geometry":{"type":"Point","coordinates":[7.8813,27.9162]}},
{"type":"Feature","properties":{"country":"Algeria","direction":"SE","système":"EPSG:4326"},"geometry":{"type":"Point","coordinates":[6.1552,22.2873]}},
{"type":"Feature","properties":{"country":"Algeria","direction":"S","système":"EPSG:4326"},"geometry":{"type":"Point","coordinates":[0.5263,22.743]}},
{"type":"Feature","properties":{"country":"Algeria","direction":"SW","système":"EPSG:4326"},"geometry":{"type":"Point","coordinates":[-2.6151,24.7749]}},
{"type":"Feature","properties":{"country":"Algeria","direction":"W","système":"EPSG:4326"},"geometry":{"type":"Point","coordinates":[-6.8287,27.9162]}},
{"type":"Feature","properties":{"country":"Algeria","direction":"NW","système":"EPSG:4326"},"geometry":{"type":"Point","coordinates":[-2.498,30.9405]}},
{"type":"Feature","properties":{"country":"Jordan","direction":"N","système":"EPSG:4326"},"geometry":{"type":"Point","coordinates":[36.3123,32.2577]}},
{"type":"Feature","properties":{"country":"Jordan","direction":"NE","système":"EPSG:4326"},"geometry":{"type":"Point","coordinates":[37.6013,32.5836]}},
{"type":"Feature","properties":{"country":"Jordan","direction":"E","système":"EPSG:4326"},"geometry":{"type":"Point","coordinates":[37.0347,31.2946]}},
{"type":"Feature","properties":{"country":"Jordan","direction":"SE","système":"EPSG:4326"},"geometry":{"type":"Point","coordinates":[37.2915,30.3153]}},
{"type":"Feature","properties":{"country":"Jordan","direction":"S","système":"EPSG:4326"},"geometry":{"type":"Point","coordinates":[36.3123,29.7555]}},
{"type":"Feature","properties":{"country":"Jordan","direction":"SW","système":"EPSG:4326"},"geometry":{"type":"Point","coordinates":[35.3467,30.329]}},
{"type":"Feature","properties":{"country":"Jordan","direction":"W","système":"EPSG:4326"},"geometry":{"type":"Point","coordinates":[35.5898,31.2946]}},
{"type":"Feature","properties":{"country":"Jordan","direction":"NW","système":"EPSG:4326"},"geometry":{"type":"Point","coordinates":[35.6988,31.908]}},
{"type":"Feature","properties":{"country":"United Arab Emirates","direction":"N","système":"EPSG:4326"},"geometry":{"type":"Point","coordinates":[54.9879,24.8975]}},
{"type":"Feature","properties":{"country":"United Arab Emirates","direction":"NE","système":"EPSG:4326"},"geometry":{"type":"Point","coordinates":[56.0252,25.3191]}},
{"type":"Feature","properties":{"country":"United Arab Emirates","direction":"E","système":"EPSG:4326"},"geometry":{"type":"Point","coordinates":[55.6421,24.2818]}},
{"type":"Feature","properties":{"country":"United Arab Emirates","direction":"SE","système":"EPSG:4326"},"geometry":{"type":"Point","coordinates":[55.4194,23.8503]}},
{"type":"Feature","properties":{"country":"United Arab Emirates","direction":"S","système":"EPSG:4326"},"geometry":{"type":"Point","coordinates":[54.9879,22.8565]}},
{"type":"Feature","properties":{"country":"United Arab Emirates","direction":"SW","système":"EPSG:4326"},"geometry":{"type":"Point","coordinates":[53.7673,23.0612]}},
{"type":"Feature","properties":{"country":"United Arab Emirates","direction":"W","système":"EPSG:4326"},"geometry":{"type":"Point","coordinates":[54.3337,24.2818]}},
{"type":"Feature","properties":{"country":"United Arab Emirates","direction":"NW","système":"EPSG:4326"},"geometry":{"type":"Point","coordinates":[54.663,24.6068]}},
{"type":"Feature","properties":{"country":"Qatar","direction":"N","système":"EPSG:4326"},"geometry":{"type":"Point","coordinates":[51.1794,25.9277]}},
{"type":"Feature","properties":{"country":"Qatar","direction":"NE","système":"EPSG:4326"},"geometry":{"type":"Point","coordinates":[51.5081,25.6778]}},
{"type":"Feature","properties":{"country":"Qatar","direction":"E","système":"EPSG:4326"},"geometry":{"type":"Point","coordinates":[51.518,25.349]}},
{"type":"Feature","properties":{"country":"Qatar","direction":"SE","système":"EPSG:4326"},"geometry":{"type":"Point","coordinates":[51.4578,25.0706]}},
{"type":"Feature","properties":{"country":"Qatar","direction":"S","système":"EPSG:4326"},"geometry":{"type":"Point","coordinates":[51.1794,24.7286]}},
{"type":"Feature","properties":{"country":"Qatar","direction":"SW","système":"EPSG:4326"},"geometry":{"type":"Point","coordinates":[50.8689,25.0386]}},
{"type":"Feature","properties":{"country":"Qatar","direction":"W","système":"EPSG:4326"},"geometry":{"type":"Point","coordinates":[50.8407,25.349]}},
{"type":"Feature","properties":{"country":"Qatar","direction":"NW","système":"EPSG:4326"},"geometry":{"type":"Point","coordinates":[50.913,25.6154]}},
{"type":"Feature","properties":{"country":"Kuwait","direction":"N","système":"EPSG:4326"},"geometry":{"type":"Point","coordinates":[47.3931,29.8788]}},
{"type":"Feature","properties":{"country":"Kuwait","direction":"NE","système":"EPSG:4326"},"geometry":{"type":"Point","coordinates":[47.9075,29.7171]}},
{"type":"Feature","properties":{"country":"Kuwait","direction":"E","système":"EPSG:4326"},"geometry":{"type":"Point","coordinates":[47.9892,29.2027]}},
{"type":"Feature","properties":{"country":"Kuwait","direction":"SE","système":"EPSG:4326"},"geometry":{"type":"Point","coordinates":[47.9241,28.6716]}},
{"type":"Feature","properties":{"country":"Kuwait","direction":"S","système":"EPSG:4326"},"geometry":{"type":"Point","coordinates":[47.3931,29.0483]}},
{"type":"Feature","properties":{"country":"Kuwait","direction":"SW","système":"EPSG:4326"},"geometry":{"type":"Point","coordinates":[47.2538,29.0634]}},
{"type":"Feature","properties":{"country":"Kuwait","direction":"W","système":"EPSG:4326"},"geometry":{"type":"Point","coordinates":[46.797,29.2027]}},
{"type":"Feature","properties":{"country":"Kuwait","direction":"NW","système":"EPSG:4326"},"geometry":{"type":"Point","coordinates":[47.0552,29.5405]}},
{"type":"Feature","properties":{"country":"Iraq","direction":"N","système":"EPSG:4326"},"geometry":{"type":"Point","coordinates":[42.4149,36.4424]}},
{"type":"Feature","properties":{"country":"Iraq","direction":"NE","système":"EPSG:4326"},"geometry":{"type":"Point","coordinates":[44.7558,35.5389]}},
{"type":"Feature","properties":{"country":"Iraq","direction":"E","système":"EPSG:4326"},"geometry":{"type":"Point","coordinates":[45.2651,33.198]}},
{"type":"Feature","properties":{"country":"Iraq","direction":"SE","système":"EPSG:4326"},"geometry":{"type":"Point","coordinates":[45.6921,29.9208]}},
{"type":"Feature","properties":{"country":"Iraq","direction":"S","système":"EPSG:4326"},"geometry":{"type":"Point","coordinates":[42.4149,31.2921]}},
{"type":"Feature","properties":{"country":"Iraq","direction":"SW","système":"EPSG:4326"},"geometry":{"type":"Point","coordinates":[41.1878,31.9708]}},
{"type":"Feature","properties":{"country":"Iraq","direction":"W","système":"EPSG:4326"},"geometry":{"type":"Point","coordinates":[39.5647,33.198]}},
{"type":"Feature","properties":{"country":"Iraq","direction":"NW","système":"EPSG:4326"},"geometry":{"type":"Point","coordinates":[41.3236,34.2893]}},
{"type":"Feature","properties":{"country":"Oman","direction":"N","système":"EPSG:4326"},"geometry":{"type":"Point","coordinates":[56.9774,23.4841]}},
{"type":"Feature","properties":{"country":"Oman","direction":"NE","système":"EPSG:4326"},"geometry":{"type":"Point","coordinates":[58.7369,22.5573]}},
{"type":"Feature","properties":{"country":"Oman","direction":"E","système":"EPSG:4326"},"geometry":{"type":"Point","coordinates":[58.3466,20.7977]}},
{"type":"Feature","properties":{"country":"Oman","direction":"SE","système":"EPSG:4326"},"geometry":{"type":"Point","coordinates":[57.5999,20.1752]}},
{"type":"Feature","properties":{"country":"Oman","direction":"S","système":"EPSG:4326"},"geometry":{"type":"Point","coordinates":[56.9774,19.195]}},
{"type":"Feature","properties":{"country":"Oman","direction":"SW","système":"EPSG:4326"},"geometry":{"type":"Point","coordinates":[53.8115,17.6319]}},
{"type":"Feature","properties":{"country":"Oman","direction":"W","système":"EPSG:4326"},"geometry":{"type":"Point","coordinates":[55.6082,20.7977]}},
{"type":"Feature","properties":{"country":"Oman","direction":"NW","système":"EPSG:4326"},"geometry":{"type":"Point","coordinates":[55.7698,22.0054]}},
{"type":"Feature","properties":{"country":"Vanuatu","direction":"N","système":"EPSG:4326"},"geometry":{"type":"Point","coordinates":[166.8988,-14.8724]}},
{"type":"Feature","properties":{"country":"Vanuatu","direction":"NE","système":"EPSG:4326"},"geometry":{"type":"Point","coordinates":[167.0687,-14.9934]}},
{"type":"Feature","properties":{"country":"Vanuatu","direction":"E","système":"EPSG:4326"},"geometry":{"type":"Point","coordinates":[167.1029,-15.1633]}},
{"type":"Feature","properties":{"country":"Vanuatu","direction":"SE","système":"EPSG:4326"},"geometry":{"type":"Point","coordinates":[167.1543,-15.4189]}},
{"type":"Feature","properties":{"country":"Vanuatu","direction":"S","système":"EPSG:4326"},"geometry":{"type":"Point","coordinates":[166.8988,-15.5457]}},
{"type":"Feature","properties":{"country":"Vanuatu","direction":"SW","système":"EPSG:4326"},"geometry":{"type":"Point","coordinates":[166.705,-15.3571]}},
{"type":"Feature","properties":{"country":"Vanuatu","direction":"W","système":"EPSG:4326"},"geometry":{"type":"Point","coordinates":[166.6947,-15.1633]}},
{"type":"Feature","properties":{"country":"Vanuatu","direction":"NW","système":"EPSG:4326"},"geometry":{"type":"Point","coordinates":[166.689,-14.9535]}},
{"type":"Feature","properties":{"country":"Cambodia","direction":"N","système":"EPSG:4326"},"geometry":{"type":"Point","coordinates":[104.9987,14.0187]}},
{"type":"Feature","properties":{"country":"Cambodia","direction":"NE","système":"EPSG:4326"},"geometry":{"type":"Point","coordinates":[105.8187,13.6857]}},
{"type":"Feature","properties":{"country":"Cambodia","direction":"E","système":"EPSG:4326"},"geometry":{"type":"Point","coordinates":[107.0363,12.8657]}},
{"type":"Feature","properties":{"country":"Cambodia","direction":"SE","système":"EPSG:4326"},"geometry":{"type":"Point","coordinates":[105.915,11.9494]}},
{"type":"Feature","properties":{"country":"Cambodia","direction":"S","système":"EPSG:4326"},"geometry":{"type":"Point","coordinates":[104.9987,11.2097]}},
{"type":"Feature","properties":{"country":"Cambodia","direction":"SW","système":"EPSG:4326"},"geometry":{"type":"Point","coordinates":[103.541,11.408]}},
{"type":"Feature","properties":{"country":"Cambodia","direction":"W","système":"EPSG:4326"},"geometry":{"type":"Point","coordinates":[102.9611,12.8657]}},
{"type":"Feature","properties":{"country":"Cambodia","direction":"NW","système":"EPSG:4326"},"geometry":{"type":"Point","coordinates":[103.8438,14.0207]}},
{"type":"Feature","properties":{"country":"Thailand","direction":"N","système":"EPSG:4326"},"geometry":{"type":"Point","coordinates":[101.6632,16.8908]}},
{"type":"Feature","properties":{"country":"Thailand","direction":"NE","système":"EPSG:4326"},"geometry":{"type":"Point","coordinates":[104.2674,15.6411]}},
{"type":"Feature","properties":{"country":"Thailand","direction":"E","système":"EPSG:4326"},"geometry":{"type":"Point","coordinates":[102.2672,13.037]}},
{"type":"Feature","properties":{"country":"Thailand","direction":"SE","système":"EPSG:4326"},"geometry":{"type":"Point","coordinates":[102.2839,12.4164]}},
{"type":"Feature","properties":{"country":"Thailand","direction":"S","système":"EPSG:4326"},"geometry":{"type":"Point","coordinates":[101.6632,12.7236]}},
{"type":"Feature","properties":{"country":"Thailand","direction":"SW","système":"EPSG:4326"},"geometry":{"type":"Point","coordinates":[101.3428,12.7166]}},
{"type":"Feature","properties":{"country":"Thailand","direction":"W","système":"EPSG:4326"},"geometry":{"type":"Point","coordinates":[101.0593,13.037]}},
{"type":"Feature","properties":{"country":"Thailand","direction":"NW","système":"EPSG:4326"},"geometry":{"type":"Point","coordinates":[99.365,15.3352]}},
{"type":"Feature","properties":{"country":"Laos","direction":"N","système":"EPSG:4326"},"geometry":{"type":"Point","coordinates":[102.0822,21.5868]}},
{"type":"Feature","properties":{"country":"Laos","direction":"NE","système":"EPSG:4326"},"geometry":{"type":"Point","coordinates":[104.0213,20.1141]}},
{"type":"Feature","properties":{"country":"Laos","direction":"E","système":"EPSG:4326"},"geometry":{"type":"Point","coordinates":[102.9142,18.175]}},
{"type":"Feature","properties":{"country":"Laos","direction":"SE","système":"EPSG:4326"},"geometry":{"type":"Point","coordinates":[102.1744,18.0827]}},
{"type":"Feature","properties":{"country":"Laos","direction":"S","système":"EPSG:4326"},"geometry":{"type":"Point","coordinates":[102.0822,18.1081]}},
{"type":"Feature","properties":{"country":"Laos","direction":"SW","système":"EPSG:4326"},"geometry":{"type":"Point","coordinates":[101.9279,18.0207]}},
{"type":"Feature","properties":{"country":"Laos","direction":"W","système":"EPSG:4326"},"geometry":{"type":"Point","coordinates":[101.2501,18.175]}},
{"type":"Feature","properties":{"country":"Laos","direction":"NW","système":"EPSG:4326"},"geometry":{"type":"Point","coordinates":[101.3682,18.889]}},
{"type":"Feature","properties":{"country":"Myanmar","direction":"N","système":"EPSG:4326"},"geometry":{"type":"Point","coordinates":[95.873,25.3777]}},
{"type":"Feature","properties":{"country":"Myanmar","direction":"NE","système":"EPSG:4326"},"geometry":{"type":"Point","coordinates":[98.6736,21.7974]}},
{"type":"Feature","properties":{"country":"Myanmar","direction":"E","système":"EPSG:4326"},"geometry":{"type":"Point","coordinates":[97.5376,18.9968]}},
{"type":"Feature","properties":{"country":"Myanmar","direction":"SE","système":"EPSG:4326"},"geometry":{"type":"Point","coordinates":[98.2472,16.6226]}},
{"type":"Feature","properties":{"country":"Myanmar","direction":"S","système":"EPSG:4326"},"geometry":{"type":"Point","coordinates":[95.873,16.6236]}},
{"type":"Feature","properties":{"country":"Myanmar","direction":"SW","système":"EPSG:4326"},"geometry":{"type":"Point","coordinates":[94.746,17.8698]}},
{"type":"Feature","properties":{"country":"Myanmar","direction":"W","système":"EPSG:4326"},"geometry":{"type":"Point","coordinates":[94.2085,18.9968]}},
{"type":"Feature","properties":{"country":"Myanmar","direction":"NW","système":"EPSG:4326"},"geometry":{"type":"Point","coordinates":[93.397,21.4728]}},
{"type":"Feature","properties":{"country":"Vietnam","direction":"N","système":"EPSG:4326"},"geometry":{"type":"Point","coordinates":[107.7769,16.3308]}},
{"type":"Feature","properties":{"country":"Vietnam","direction":"NE","système":"EPSG:4326"},"geometry":{"type":"Point","coordinates":[107.9773,16.1945]}},
{"type":"Feature","properties":{"country":"Vietnam","direction":"E","système":"EPSG:4326"},"geometry":{"type":"Point","coordinates":[108.2228,15.9941]}},
{"type":"Feature","properties":{"country":"Vietnam","direction":"SE","système":"EPSG:4326"},"geometry":{"type":"Point","coordinates":[108.7578,15.0133]}},
{"type":"Feature","properties":{"country":"Vietnam","direction":"S","système":"EPSG:4326"},"geometry":{"type":"Point","coordinates":[107.7769,11.7405]}},
{"type":"Feature","properties":{"country":"Vietnam","direction":"SW","système":"EPSG:4326"},"geometry":{"type":"Point","coordinates":[107.4852,15.7024]}},
{"type":"Feature","properties":{"country":"Vietnam","direction":"W","système":"EPSG:4326"},"geometry":{"type":"Point","coordinates":[107.3311,15.9941]}},
{"type":"Feature","properties":{"country":"Vietnam","direction":"NW","système":"EPSG:4326"},"geometry":{"type":"Point","coordinates":[104.889,18.8821]}},
{"type":"Feature","properties":{"country":"North Korea","direction":"N","système":"EPSG:4326"},"geometry":{"type":"Point","coordinates":[126.8035,41.4666]}},
{"type":"Feature","properties":{"country":"North Korea","direction":"NE","système":"EPSG:4326"},"geometry":{"type":"Point","coordinates":[127.7157,41.2499]}},
{"type":"Feature","properties":{"country":"North Korea","direction":"E","système":"EPSG:4326"},"geometry":{"type":"Point","coordinates":[128.4182,40.3376]}},
{"type":"Feature","properties":{"country":"North Korea","direction":"SE","système":"EPSG:4326"},"geometry":{"type":"Point","coordinates":[127.3794,39.7617]}},
{"type":"Feature","properties":{"country":"North Korea","direction":"S","système":"EPSG:4326"},"geometry":{"type":"Point","coordinates":[126.8035,38.4224]}},
{"type":"Feature","properties":{"country":"North Korea","direction":"SW","système":"EPSG:4326"},"geometry":{"type":"Point","coordinates":[125.5146,39.0487]}},
{"type":"Feature","properties":{"country":"North Korea","direction":"W","système":"EPSG:4326"},"geometry":{"type":"Point","coordinates":[125.1888,40.3376]}},
{"type":"Feature","properties":{"country":"North Korea","direction":"NW","système":"EPSG:4326"},"geometry":{"type":"Point","coordinates":[126.2266,40.9145]}},
{"type":"Feature","properties":{"country":"South Korea","direction":"N","système":"EPSG:4326"},"geometry":{"type":"Point","coordinates":[127.9014,37.8996]}},
{"type":"Feature","properties":{"country":"South Korea","direction":"NE","système":"EPSG:4326"},"geometry":{"type":"Point","coordinates":[128.9222,37.2258]}},
{"type":"Feature","properties":{"country":"South Korea","direction":"E","système":"EPSG:4326"},"geometry":{"type":"Point","coordinates":[129.1518,36.205]}},
{"type":"Feature","properties":{"country":"South Korea","direction":"SE","système":"EPSG:4326"},"geometry":{"type":"Point","coordinates":[128.8088,35.2975]}},
{"type":"Feature","properties":{"country":"South Korea","direction":"S","système":"EPSG:4326"},"geometry":{"type":"Point","coordinates":[127.9014,35.0352]}},
{"type":"Feature","properties":{"country":"South Korea","direction":"SW","système":"EPSG:4326"},"geometry":{"type":"Point","coordinates":[126.7144,35.0181]}},
{"type":"Feature","properties":{"country":"South Korea","direction":"W","système":"EPSG:4326"},"geometry":{"type":"Point","coordinates":[126.6509,36.205]}},
{"type":"Feature","properties":{"country":"South Korea","direction":"NW","système":"EPSG:4326"},"geometry":{"type":"Point","coordinates":[126.721178209459552,37.540998730177456]}},
{"type":"Feature","properties":{"country":"Mongolia","direction":"N","système":"EPSG:4326"},"geometry":{"type":"Point","coordinates":[105.334,49.6485]}},
{"type":"Feature","properties":{"country":"Mongolia","direction":"NE","système":"EPSG:4326"},"geometry":{"type":"Point","coordinates":[107.5406,49.0534]}},
{"type":"Feature","properties":{"country":"Mongolia","direction":"E","système":"EPSG:4326"},"geometry":{"type":"Point","coordinates":[116.8354,46.8468]}},
{"type":"Feature","properties":{"country":"Mongolia","direction":"SE","système":"EPSG:4326"},"geometry":{"type":"Point","coordinates":[108.7185,43.4622]}},
{"type":"Feature","properties":{"country":"Mongolia","direction":"S","système":"EPSG:4326"},"geometry":{"type":"Point","coordinates":[105.334,42.7834]}},
{"type":"Feature","properties":{"country":"Mongolia","direction":"SW","système":"EPSG:4326"},"geometry":{"type":"Point","coordinates":[101.9556,43.4684]}},
{"type":"Feature","properties":{"country":"Mongolia","direction":"W","système":"EPSG:4326"},"geometry":{"type":"Point","coordinates":[93.8325,46.8468]}},
{"type":"Feature","properties":{"country":"Mongolia","direction":"NW","système":"EPSG:4326"},"geometry":{"type":"Point","coordinates":[101.5712,50.6096]}},
{"type":"Feature","properties":{"country":"India","direction":"N","système":"EPSG:4326"},"geometry":{"type":"Point","coordinates":[79.1791,29.3602]}},
{"type":"Feature","properties":{"country":"India","direction":"NE","système":"EPSG:4326"},"geometry":{"type":"Point","coordinates":[83.4784,26.1716]}},
{"type":"Feature","properties":{"country":"India","direction":"E","système":"EPSG:4326"},"geometry":{"type":"Point","coordinates":[87.0038,21.8722]}},
{"type":"Feature","properties":{"country":"India","direction":"SE","système":"EPSG:4326"},"geometry":{"type":"Point","coordinates":[82.4702,18.5811]}},
{"type":"Feature","properties":{"country":"India","direction":"S","système":"EPSG:4326"},"geometry":{"type":"Point","coordinates":[79.1791,12.4051]}},
{"type":"Feature","properties":{"country":"India","direction":"SW","système":"EPSG:4326"},"geometry":{"type":"Point","coordinates":[74.6298,17.323]}},
{"type":"Feature","properties":{"country":"India","direction":"W","système":"EPSG:4326"},"geometry":{"type":"Point","coordinates":[71.3543,21.8722]}},
{"type":"Feature","properties":{"country":"India","direction":"NW","système":"EPSG:4326"},"geometry":{"type":"Point","coordinates":[73.8015,27.2498]}},
{"type":"Feature","properties":{"country":"Bangladesh","direction":"N","système":"EPSG:4326"},"geometry":{"type":"Point","coordinates":[89.8762,25.2089]}},
{"type":"Feature","properties":{"country":"Bangladesh","direction":"NE","système":"EPSG:4326"},"geometry":{"type":"Point","coordinates":[91.1386,24.8263]}},
{"type":"Feature","properties":{"country":"Bangladesh","direction":"E","système":"EPSG:4326"},"geometry":{"type":"Point","coordinates":[90.9286,23.5639]}},
{"type":"Feature","properties":{"country":"Bangladesh","direction":"SE","système":"EPSG:4326"},"geometry":{"type":"Point","coordinates":[90.4884,22.9517]}},
{"type":"Feature","properties":{"country":"Bangladesh","direction":"S","système":"EPSG:4326"},"geometry":{"type":"Point","coordinates":[89.8762,22.3331]}},
{"type":"Feature","properties":{"country":"Bangladesh","direction":"SW","système":"EPSG:4326"},"geometry":{"type":"Point","coordinates":[89.1164,22.8041]}},
{"type":"Feature","properties":{"country":"Bangladesh","direction":"W","système":"EPSG:4326"},"geometry":{"type":"Point","coordinates":[88.8238,23.5639]}},
{"type":"Feature","properties":{"country":"Bangladesh","direction":"NW","système":"EPSG:4326"},"geometry":{"type":"Point","coordinates":[88.7545,24.6856]}},
{"type":"Feature","properties":{"country":"Bhutan","direction":"N","système":"EPSG:4326"},"geometry":{"type":"Point","coordinates":[90.4964,28.0351]}},
{"type":"Feature","properties":{"country":"Bhutan","direction":"NE","système":"EPSG:4326"},"geometry":{"type":"Point","coordinates":[90.8509,27.9667]}},
{"type":"Feature","properties":{"country":"Bhutan","direction":"E","système":"EPSG:4326"},"geometry":{"type":"Point","coordinates":[91.6194,27.6122]}},
{"type":"Feature","properties":{"country":"Bhutan","direction":"SE","système":"EPSG:4326"},"geometry":{"type":"Point","coordinates":[91.1369,26.9717]}},
{"type":"Feature","properties":{"country":"Bhutan","direction":"S","système":"EPSG:4326"},"geometry":{"type":"Point","coordinates":[90.4964,27.0152]}},
{"type":"Feature","properties":{"country":"Bhutan","direction":"SW","système":"EPSG:4326"},"geometry":{"type":"Point","coordinates":[89.8154,26.9312]}},
{"type":"Feature","properties":{"country":"Bhutan","direction":"W","système":"EPSG:4326"},"geometry":{"type":"Point","coordinates":[89.3734,27.6122]}},
{"type":"Feature","properties":{"country":"Bhutan","direction":"NW","système":"EPSG:4326"},"geometry":{"type":"Point","coordinates":[90.0011,28.1075]}},
{"type":"Feature","properties":{"country":"Nepal","direction":"N","système":"EPSG:4326"},"geometry":{"type":"Point","coordinates":[83.4442,29.2111]}},
{"type":"Feature","properties":{"country":"Nepal","direction":"NE","système":"EPSG:4326"},"geometry":{"type":"Point","coordinates":[83.9908,28.8565]}},
{"type":"Feature","properties":{"country":"Nepal","direction":"E","système":"EPSG:4326"},"geometry":{"type":"Point","coordinates":[85.1904,28.3098]}},
{"type":"Feature","properties":{"country":"Nepal","direction":"SE","système":"EPSG:4326"},"geometry":{"type":"Point","coordinates":[84.2911,27.4629]}},
{"type":"Feature","properties":{"country":"Nepal","direction":"S","système":"EPSG:4326"},"geometry":{"type":"Point","coordinates":[83.4442,27.543]}},
{"type":"Feature","properties":{"country":"Nepal","direction":"SW","système":"EPSG:4326"},"geometry":{"type":"Point","coordinates":[82.8817,27.7474]}},
{"type":"Feature","properties":{"country":"Nepal","direction":"W","système":"EPSG:4326"},"geometry":{"type":"Point","coordinates":[81.6979,28.3098]}},
{"type":"Feature","properties":{"country":"Nepal","direction":"NW","système":"EPSG:4326"},"geometry":{"type":"Point","coordinates":[81.8108,29.9432]}},
{"type":"Feature","properties":{"country":"Pakistan","direction":"N","système":"EPSG:4326"},"geometry":{"type":"Point","coordinates":[70.0926,32.6849]}},
{"type":"Feature","properties":{"country":"Pakistan","direction":"NE","système":"EPSG:4326"},"geometry":{"type":"Point","coordinates":[73.0882,33.3532]}},
{"type":"Feature","properties":{"country":"Pakistan","direction":"E","système":"EPSG:4326"},"geometry":{"type":"Point","coordinates":[73.0741,30.3577]}},
{"type":"Feature","properties":{"country":"Pakistan","direction":"SE","système":"EPSG:4326"},"geometry":{"type":"Point","coordinates":[71.7441,28.7062]}},
{"type":"Feature","properties":{"country":"Pakistan","direction":"S","système":"EPSG:4326"},"geometry":{"type":"Point","coordinates":[70.0926,28.0643]}},
{"type":"Feature","properties":{"country":"Pakistan","direction":"SW","système":"EPSG:4326"},"geometry":{"type":"Point","coordinates":[66.0363,26.3013]}},
{"type":"Feature","properties":{"country":"Pakistan","direction":"W","système":"EPSG:4326"},"geometry":{"type":"Point","coordinates":[67.1112,30.3577]}},
{"type":"Feature","properties":{"country":"Pakistan","direction":"NW","système":"EPSG:4326"},"geometry":{"type":"Point","coordinates":[69.0566,31.3937]}},
{"type":"Feature","properties":{"country":"Afghanistan","direction":"N","système":"EPSG:4326"},"geometry":{"type":"Point","coordinates":[65.3147,36.5604]}},
{"type":"Feature","properties":{"country":"Afghanistan","direction":"NE","système":"EPSG:4326"},"geometry":{"type":"Point","coordinates":[68.1029,36.6209]}},
{"type":"Feature","properties":{"country":"Afghanistan","direction":"E","système":"EPSG:4326"},"geometry":{"type":"Point","coordinates":[69.0965,33.8327]}},
{"type":"Feature","properties":{"country":"Afghanistan","direction":"SE","système":"EPSG:4326"},"geometry":{"type":"Point","coordinates":[67.2458,31.9015]}},
{"type":"Feature","properties":{"country":"Afghanistan","direction":"S","système":"EPSG:4326"},"geometry":{"type":"Point","coordinates":[65.3147,30.4128]}},
{"type":"Feature","properties":{"country":"Afghanistan","direction":"SW","système":"EPSG:4326"},"geometry":{"type":"Point","coordinates":[62.0303,30.5483]}},
{"type":"Feature","properties":{"country":"Afghanistan","direction":"W","système":"EPSG:4326"},"geometry":{"type":"Point","coordinates":[61.5329,33.8327]}},
{"type":"Feature","properties":{"country":"Afghanistan","direction":"NW","système":"EPSG:4326"},"geometry":{"type":"Point","coordinates":[63.6827,35.4647]}},
{"type":"Feature","properties":{"country":"Tajikistan","direction":"N","système":"EPSG:4326"},"geometry":{"type":"Point","coordinates":[71.0398,39.331]}},
{"type":"Feature","properties":{"country":"Tajikistan","direction":"NE","système":"EPSG:4326"},"geometry":{"type":"Point","coordinates":[71.4967,39.2109]}},
{"type":"Feature","properties":{"country":"Tajikistan","direction":"E","système":"EPSG:4326"},"geometry":{"type":"Point","coordinates":[73.2967,38.754]}},
{"type":"Feature","properties":{"country":"Tajikistan","direction":"SE","système":"EPSG:4326"},"geometry":{"type":"Point","coordinates":[72.3684,37.4255]}},
{"type":"Feature","properties":{"country":"Tajikistan","direction":"S","système":"EPSG:4326"},"geometry":{"type":"Point","coordinates":[71.0398,38.4615]}},
{"type":"Feature","properties":{"country":"Tajikistan","direction":"SW","système":"EPSG:4326"},"geometry":{"type":"Point","coordinates":[70.7087,38.4229]}},
{"type":"Feature","properties":{"country":"Tajikistan","direction":"W","système":"EPSG:4326"},"geometry":{"type":"Point","coordinates":[68.783,38.754]}},
{"type":"Feature","properties":{"country":"Tajikistan","direction":"NW","système":"EPSG:4326"},"geometry":{"type":"Point","coordinates":[70.3789,39.415]}},
{"type":"Feature","properties":{"country":"Kyrgyzstan","direction":"N","système":"EPSG:4326"},"geometry":{"type":"Point","coordinates":[75.192,42.6652]}},
{"type":"Feature","properties":{"country":"Kyrgyzstan","direction":"NE","système":"EPSG:4326"},"geometry":{"type":"Point","coordinates":[76.5396,42.6367]}},
{"type":"Feature","properties":{"country":"Kyrgyzstan","direction":"E","système":"EPSG:4326"},"geometry":{"type":"Point","coordinates":[77.6627,41.2891]}},
{"type":"Feature","properties":{"country":"Kyrgyzstan","direction":"SE","système":"EPSG:4326"},"geometry":{"type":"Point","coordinates":[75.826,40.6551]}},
{"type":"Feature","properties":{"country":"Kyrgyzstan","direction":"S","système":"EPSG:4326"},"geometry":{"type":"Point","coordinates":[75.192,40.645]}},
{"type":"Feature","properties":{"country":"Kyrgyzstan","direction":"SW","système":"EPSG:4326"},"geometry":{"type":"Point","coordinates":[73.6819,39.779]}},
{"type":"Feature","properties":{"country":"Kyrgyzstan","direction":"W","système":"EPSG:4326"},"geometry":{"type":"Point","coordinates":[72.7213,41.2891]}},
{"type":"Feature","properties":{"country":"Kyrgyzstan","direction":"NW","système":"EPSG:4326"},"geometry":{"type":"Point","coordinates":[73.912,42.5691]}},
{"type":"Feature","properties":{"country":"Turkmenistan","direction":"N","système":"EPSG:4326"},"geometry":{"type":"Point","coordinates":[58.672,42.012]}},
{"type":"Feature","properties":{"country":"Turkmenistan","direction":"NE","système":"EPSG:4326"},"geometry":{"type":"Point","coordinates":[60.3621,40.8114]}},
{"type":"Feature","properties":{"country":"Turkmenistan","direction":"E","système":"EPSG:4326"},"geometry":{"type":"Point","coordinates":[62.8169,39.1213]}},
{"type":"Feature","properties":{"country":"Turkmenistan","direction":"SE","système":"EPSG:4326"},"geometry":{"type":"Point","coordinates":[61.7175,36.0759]}},
{"type":"Feature","properties":{"country":"Turkmenistan","direction":"S","système":"EPSG:4326"},"geometry":{"type":"Point","coordinates":[58.672,37.8163]}},
{"type":"Feature","properties":{"country":"Turkmenistan","direction":"SW","système":"EPSG:4326"},"geometry":{"type":"Point","coordinates":[57.7356,38.1849]}},
{"type":"Feature","properties":{"country":"Turkmenistan","direction":"W","système":"EPSG:4326"},"geometry":{"type":"Point","coordinates":[54.5272,39.1213]}},
{"type":"Feature","properties":{"country":"Turkmenistan","direction":"NW","système":"EPSG:4326"},"geometry":{"type":"Point","coordinates":[56.9173,40.8761]}},
{"type":"Feature","properties":{"country":"Iran","direction":"N","système":"EPSG:4326"},"geometry":{"type":"Point","coordinates":[54.1182,36.259]}},
{"type":"Feature","properties":{"country":"Iran","direction":"NE","système":"EPSG:4326"},"geometry":{"type":"Point","coordinates":[58.1907,36.3984]}},
{"type":"Feature","properties":{"country":"Iran","direction":"E","système":"EPSG:4326"},"geometry":{"type":"Point","coordinates":[59.4676,32.326]}},
{"type":"Feature","properties":{"country":"Iran","direction":"SE","système":"EPSG:4326"},"geometry":{"type":"Point","coordinates":[59.8964,26.5479]}},
{"type":"Feature","properties":{"country":"Iran","direction":"S","système":"EPSG:4326"},"geometry":{"type":"Point","coordinates":[54.1182,27.7793]}},
{"type":"Feature","properties":{"country":"Iran","direction":"SW","système":"EPSG:4326"},"geometry":{"type":"Point","coordinates":[51.4358,29.6436]}},
{"type":"Feature","properties":{"country":"Iran","direction":"W","système":"EPSG:4326"},"geometry":{"type":"Point","coordinates":[48.7689,32.326]}},
{"type":"Feature","properties":{"country":"Iran","direction":"NW","système":"EPSG:4326"},"geometry":{"type":"Point","coordinates":[47.101773648648646,37.799719446344533]}},
{"type":"Feature","properties":{"country":"Syria","direction":"N","système":"EPSG:4326"},"geometry":{"type":"Point","coordinates":[38.574,36.4115]}},
{"type":"Feature","properties":{"country":"Syria","direction":"NE","système":"EPSG:4326"},"geometry":{"type":"Point","coordinates":[40.2113,36.6648]}},
{"type":"Feature","properties":{"country":"Syria","direction":"E","système":"EPSG:4326"},"geometry":{"type":"Point","coordinates":[40.6717,35.0275]}},
{"type":"Feature","properties":{"country":"Syria","direction":"SE","système":"EPSG:4326"},"geometry":{"type":"Point","coordinates":[39.5271,34.0744]}},
{"type":"Feature","properties":{"country":"Syria","direction":"S","système":"EPSG:4326"},"geometry":{"type":"Point","coordinates":[38.574,33.6134]}},
{"type":"Feature","properties":{"country":"Syria","direction":"SW","système":"EPSG:4326"},"geometry":{"type":"Point","coordinates":[36.6069,33.0604]}},
{"type":"Feature","properties":{"country":"Syria","direction":"W","système":"EPSG:4326"},"geometry":{"type":"Point","coordinates":[36.4762,35.0275]}},
{"type":"Feature","properties":{"country":"Syria","direction":"NW","système":"EPSG:4326"},"geometry":{"type":"Point","coordinates":[37.1939,36.4075]}},
{"type":"Feature","properties":{"country":"Armenia","direction":"N","système":"EPSG:4326"},"geometry":{"type":"Point","coordinates":[45.0637,40.8964]}},
{"type":"Feature","properties":{"country":"Armenia","direction":"NE","système":"EPSG:4326"},"geometry":{"type":"Point","coordinates":[45.4526,40.3415]}},
{"type":"Feature","properties":{"country":"Armenia","direction":"E","système":"EPSG:4326"},"geometry":{"type":"Point","coordinates":[45.5379,39.9525]}},
{"type":"Feature","properties":{"country":"Armenia","direction":"SE","système":"EPSG:4326"},"geometry":{"type":"Point","coordinates":[45.4473,39.5689]}},
{"type":"Feature","properties":{"country":"Armenia","direction":"S","système":"EPSG:4326"},"geometry":{"type":"Point","coordinates":[45.0637,39.7378]}},
{"type":"Feature","properties":{"country":"Armenia","direction":"SW","système":"EPSG:4326"},"geometry":{"type":"Point","coordinates":[44.8757,39.7645]}},
{"type":"Feature","properties":{"country":"Armenia","direction":"W","système":"EPSG:4326"},"geometry":{"type":"Point","coordinates":[44.5894,39.9525]}},
{"type":"Feature","properties":{"country":"Armenia","direction":"NW","système":"EPSG:4326"},"geometry":{"type":"Point","coordinates":[44.1244,40.8918]}},
{"type":"Feature","properties":{"country":"Sweden","direction":"N","système":"EPSG:4326"},"geometry":{"type":"Point","coordinates":[14.7862,65.1766]}},
{"type":"Feature","properties":{"country":"Sweden","direction":"NE","système":"EPSG:4326"},"geometry":{"type":"Point","coordinates":[20.0425,67.5311]}},
{"type":"Feature","properties":{"country":"Sweden","direction":"E","système":"EPSG:4326"},"geometry":{"type":"Point","coordinates":[17.0392,62.2749]}},
{"type":"Feature","properties":{"country":"Sweden","direction":"SE","système":"EPSG:4326"},"geometry":{"type":"Point","coordinates":[17.3381,59.723]}},
{"type":"Feature","properties":{"country":"Sweden","direction":"S","système":"EPSG:4326"},"geometry":{"type":"Point","coordinates":[14.7862,57.4081]}},
{"type":"Feature","properties":{"country":"Sweden","direction":"SW","système":"EPSG:4326"},"geometry":{"type":"Point","coordinates":[11.8743,59.3629]}},
{"type":"Feature","properties":{"country":"Sweden","direction":"W","système":"EPSG:4326"},"geometry":{"type":"Point","coordinates":[12.5333,62.2749]}},
{"type":"Feature","properties":{"country":"Sweden","direction":"NW","système":"EPSG:4326"},"geometry":{"type":"Point","coordinates":[13.359,63.7021]}},
{"type":"Feature","properties":{"country":"Belarus","direction":"N","système":"EPSG:4326"},"geometry":{"type":"Point","coordinates":[27.7864,55.5644]}},
{"type":"Feature","properties":{"country":"Belarus","direction":"NE","système":"EPSG:4326"},"geometry":{"type":"Point","coordinates":[29.4469,55.3665]}},
{"type":"Feature","properties":{"country":"Belarus","direction":"E","système":"EPSG:4326"},"geometry":{"type":"Point","coordinates":[31.212,53.706]}},
{"type":"Feature","properties":{"country":"Belarus","direction":"SE","système":"EPSG:4326"},"geometry":{"type":"Point","coordinates":[29.6216,51.8708]}},
{"type":"Feature","properties":{"country":"Belarus","direction":"S","système":"EPSG:4326"},"geometry":{"type":"Point","coordinates":[27.7864,52.0083]}},
{"type":"Feature","properties":{"country":"Belarus","direction":"SW","système":"EPSG:4326"},"geometry":{"type":"Point","coordinates":[26.3119,52.2315]}},
{"type":"Feature","properties":{"country":"Belarus","direction":"W","système":"EPSG:4326"},"geometry":{"type":"Point","coordinates":[24.3608,53.706]}},
{"type":"Feature","properties":{"country":"Belarus","direction":"NW","système":"EPSG:4326"},"geometry":{"type":"Point","coordinates":[26.6766,54.8159]}},
{"type":"Feature","properties":{"country":"Ukraine","direction":"N","système":"EPSG:4326"},"geometry":{"type":"Point","coordinates":[30.9808,51.3977]}},
{"type":"Feature","properties":{"country":"Ukraine","direction":"NE","système":"EPSG:4326"},"geometry":{"type":"Point","coordinates":[33.5201,51.3439]}},
{"type":"Feature","properties":{"country":"Ukraine","direction":"E","système":"EPSG:4326"},"geometry":{"type":"Point","coordinates":[37.9488,48.8046]}},
{"type":"Feature","properties":{"country":"Ukraine","direction":"SE","système":"EPSG:4326"},"geometry":{"type":"Point","coordinates":[36.74588260135144,47.380980838809919]}},
{"type":"Feature","properties":{"country":"Ukraine","direction":"S","système":"EPSG:4326"},"geometry":{"type":"Point","coordinates":[34.374260979729819,46.215427406743864]}},
{"type":"Feature","properties":{"country":"Ukraine","direction":"SW","système":"EPSG:4326"},"geometry":{"type":"Point","coordinates":[29.7504,47.5742]}},
{"type":"Feature","properties":{"country":"Ukraine","direction":"W","système":"EPSG:4326"},"geometry":{"type":"Point","coordinates":[24.0128,48.8046]}},
{"type":"Feature","properties":{"country":"Ukraine","direction":"NW","système":"EPSG:4326"},"geometry":{"type":"Point","coordinates":[25.891152871621717,50.995518679533603]}},
{"type":"Feature","properties":{"country":"Poland","direction":"N","système":"EPSG:4326"},"geometry":{"type":"Point","coordinates":[19.0763,53.9239]}},
{"type":"Feature","properties":{"country":"Poland","direction":"NE","système":"EPSG:4326"},"geometry":{"type":"Point","coordinates":[21.0228,53.8309]}},
{"type":"Feature","properties":{"country":"Poland","direction":"E","système":"EPSG:4326"},"geometry":{"type":"Point","coordinates":[22.6264,51.8844]}},
{"type":"Feature","properties":{"country":"Poland","direction":"SE","système":"EPSG:4326"},"geometry":{"type":"Point","coordinates":[21.0231,49.9376]}},
{"type":"Feature","properties":{"country":"Poland","direction":"S","système":"EPSG:4326"},"geometry":{"type":"Point","coordinates":[19.0763,49.9696]}},
{"type":"Feature","properties":{"country":"Poland","direction":"SW","système":"EPSG:4326"},"geometry":{"type":"Point","coordinates":[17.8585,50.6667]}},
{"type":"Feature","properties":{"country":"Poland","direction":"W","système":"EPSG:4326"},"geometry":{"type":"Point","coordinates":[15.5261,51.8844]}},
{"type":"Feature","properties":{"country":"Poland","direction":"NW","système":"EPSG:4326"},"geometry":{"type":"Point","coordinates":[16.959,54.0017]}},
{"type":"Feature","properties":{"country":"Austria","direction":"N","système":"EPSG:4326"},"geometry":{"type":"Point","coordinates":[14.9531,48.7641]}},
{"type":"Feature","properties":{"country":"Austria","direction":"NE","système":"EPSG:4326"},"geometry":{"type":"Point","coordinates":[15.664,48.6301]}},
{"type":"Feature","properties":{"country":"Austria","direction":"E","système":"EPSG:4326"},"geometry":{"type":"Point","coordinates":[16.544,47.9192]}},
{"type":"Feature","properties":{"country":"Austria","direction":"SE","système":"EPSG:4326"},"geometry":{"type":"Point","coordinates":[15.8751,46.9972]}},
{"type":"Feature","properties":{"country":"Austria","direction":"S","système":"EPSG:4326"},"geometry":{"type":"Point","coordinates":[14.9531,46.8446]}},
{"type":"Feature","properties":{"country":"Austria","direction":"SW","système":"EPSG:4326"},"geometry":{"type":"Point","coordinates":[13.8575,46.8235]}},
{"type":"Feature","properties":{"country":"Austria","direction":"W","système":"EPSG:4326"},"geometry":{"type":"Point","coordinates":[13.3623,47.9192]}},
{"type":"Feature","properties":{"country":"Austria","direction":"NW","système":"EPSG:4326"},"geometry":{"type":"Point","coordinates":[14.4309,48.4415]}},
{"type":"Feature","properties":{"country":"Hungary","direction":"N","système":"EPSG:4326"},"geometry":{"type":"Point","coordinates":[19.1032,47.9339]}},
{"type":"Feature","properties":{"country":"Hungary","direction":"NE","système":"EPSG:4326"},"geometry":{"type":"Point","coordinates":[19.9537,48.0956]}},
{"type":"Feature","properties":{"country":"Hungary","direction":"E","système":"EPSG:4326"},"geometry":{"type":"Point","coordinates":[21.262,47.2452]}},
{"type":"Feature","properties":{"country":"Hungary","direction":"SE","système":"EPSG:4326"},"geometry":{"type":"Point","coordinates":[19.9973,46.3511]}},
{"type":"Feature","properties":{"country":"Hungary","direction":"S","système":"EPSG:4326"},"geometry":{"type":"Point","coordinates":[19.1032,46.2512]}},
{"type":"Feature","properties":{"country":"Hungary","direction":"SW","système":"EPSG:4326"},"geometry":{"type":"Point","coordinates":[18.0413,46.1833]}},
{"type":"Feature","properties":{"country":"Hungary","direction":"W","système":"EPSG:4326"},"geometry":{"type":"Point","coordinates":[16.9445,47.2452]}},
{"type":"Feature","properties":{"country":"Hungary","direction":"NW","système":"EPSG:4326"},"geometry":{"type":"Point","coordinates":[18.618,47.7305]}},
{"type":"Feature","properties":{"country":"Moldova","direction":"N","système":"EPSG:4326"},"geometry":{"type":"Point","coordinates":[28.649,47.9236]}},
{"type":"Feature","properties":{"country":"Moldova","direction":"NE","système":"EPSG:4326"},"geometry":{"type":"Point","coordinates":[28.9768,47.4654]}},
{"type":"Feature","properties":{"country":"Moldova","direction":"E","système":"EPSG:4326"},"geometry":{"type":"Point","coordinates":[29.3197,47.1376]}},
{"type":"Feature","properties":{"country":"Moldova","direction":"SE","système":"EPSG:4326"},"geometry":{"type":"Point","coordinates":[29.2656,46.521]}},
{"type":"Feature","properties":{"country":"Moldova","direction":"S","système":"EPSG:4326"},"geometry":{"type":"Point","coordinates":[28.649,46.1623]}},
{"type":"Feature","properties":{"country":"Moldova","direction":"SW","système":"EPSG:4326"},"geometry":{"type":"Point","coordinates":[28.2428,46.7313]}},
{"type":"Feature","properties":{"country":"Moldova","direction":"W","système":"EPSG:4326"},"geometry":{"type":"Point","coordinates":[27.9783,47.1376]}},
{"type":"Feature","properties":{"country":"Moldova","direction":"NW","système":"EPSG:4326"},"geometry":{"type":"Point","coordinates":[27.6065,48.1802]}},
{"type":"Feature","properties":{"country":"Romania","direction":"N","système":"EPSG:4326"},"geometry":{"type":"Point","coordinates":[24.2117,47.5936]}},
{"type":"Feature","properties":{"country":"Romania","direction":"NE","système":"EPSG:4326"},"geometry":{"type":"Point","coordinates":[25.9595,47.7839]}},
{"type":"Feature","properties":{"country":"Romania","direction":"E","système":"EPSG:4326"},"geometry":{"type":"Point","coordinates":[27.304,46.036]}},
{"type":"Feature","properties":{"country":"Romania","direction":"SE","système":"EPSG:4326"},"geometry":{"type":"Point","coordinates":[25.8542,44.3935]}},
{"type":"Feature","properties":{"country":"Romania","direction":"S","système":"EPSG:4326"},"geometry":{"type":"Point","coordinates":[24.2117,44.1969]}},
{"type":"Feature","properties":{"country":"Romania","direction":"SW","système":"EPSG:4326"},"geometry":{"type":"Point","coordinates":[22.867,44.6913]}},
{"type":"Feature","properties":{"country":"Romania","direction":"W","système":"EPSG:4326"},"geometry":{"type":"Point","coordinates":[21.1194,46.036]}},
{"type":"Feature","properties":{"country":"Romania","direction":"NW","système":"EPSG:4326"},"geometry":{"type":"Point","coordinates":[22.8053,47.4424]}},
{"type":"Feature","properties":{"country":"Lithuania","direction":"N","système":"EPSG:4326"},"geometry":{"type":"Point","coordinates":[24.1278,56.0573]}},
{"type":"Feature","properties":{"country":"Lithuania","direction":"NE","système":"EPSG:4326"},"geometry":{"type":"Point","coordinates":[24.9692,55.9326]}},
{"type":"Feature","properties":{"country":"Lithuania","direction":"E","système":"EPSG:4326"},"geometry":{"type":"Point","coordinates":[25.9406,55.0912]}},
{"type":"Feature","properties":{"country":"Lithuania","direction":"SE","système":"EPSG:4326"},"geometry":{"type":"Point","coordinates":[24.8984,54.3206]}},
{"type":"Feature","properties":{"country":"Lithuania","direction":"S","système":"EPSG:4326"},"geometry":{"type":"Point","coordinates":[24.1278,54.1446]}},
{"type":"Feature","properties":{"country":"Lithuania","direction":"SW","système":"EPSG:4326"},"geometry":{"type":"Point","coordinates":[23.4254,54.3888]}},
{"type":"Feature","properties":{"country":"Lithuania","direction":"W","système":"EPSG:4326"},"geometry":{"type":"Point","coordinates":[22.315,55.0912]}},
{"type":"Feature","properties":{"country":"Lithuania","direction":"NW","système":"EPSG:4326"},"geometry":{"type":"Point","coordinates":[23.1522,56.0669]}},
{"type":"Feature","properties":{"country":"Latvia","direction":"N","système":"EPSG:4326"},"geometry":{"type":"Point","coordinates":[24.5044,57.6455]}},
{"type":"Feature","properties":{"country":"Latvia","direction":"NE","système":"EPSG:4326"},"geometry":{"type":"Point","coordinates":[25.2919,57.6826]}},
{"type":"Feature","properties":{"country":"Latvia","direction":"E","système":"EPSG:4326"},"geometry":{"type":"Point","coordinates":[27.166,56.8951]}},
{"type":"Feature","properties":{"country":"Latvia","direction":"SE","système":"EPSG:4326"},"geometry":{"type":"Point","coordinates":[25.1145,56.2849]}},
{"type":"Feature","properties":{"country":"Latvia","direction":"S","système":"EPSG:4326"},"geometry":{"type":"Point","coordinates":[24.5044,56.4484]}},
{"type":"Feature","properties":{"country":"Latvia","direction":"SW","système":"EPSG:4326"},"geometry":{"type":"Point","coordinates":[24.0077,56.3984]}},
{"type":"Feature","properties":{"country":"Latvia","direction":"W","système":"EPSG:4326"},"geometry":{"type":"Point","coordinates":[21.8428,56.8951]}},
{"type":"Feature","properties":{"country":"Latvia","direction":"NW","système":"EPSG:4326"},"geometry":{"type":"Point","coordinates":[24.238,57.1615]}},
{"type":"Feature","properties":{"country":"Estonia","direction":"N","système":"EPSG:4326"},"geometry":{"type":"Point","coordinates":[25.5617,59.3606]}},
{"type":"Feature","properties":{"country":"Estonia","direction":"NE","système":"EPSG:4326"},"geometry":{"type":"Point","coordinates":[26.3664,59.3028]}},
{"type":"Feature","properties":{"country":"Estonia","direction":"E","système":"EPSG:4326"},"geometry":{"type":"Point","coordinates":[27.1061,58.4981]}},
{"type":"Feature","properties":{"country":"Estonia","direction":"SE","système":"EPSG:4326"},"geometry":{"type":"Point","coordinates":[26.3793,57.6805]}},
{"type":"Feature","properties":{"country":"Estonia","direction":"S","système":"EPSG:4326"},"geometry":{"type":"Point","coordinates":[25.5617,57.9868]}},
{"type":"Feature","properties":{"country":"Estonia","direction":"SW","système":"EPSG:4326"},"geometry":{"type":"Point","coordinates":[25.112,58.0484]}},
{"type":"Feature","properties":{"country":"Estonia","direction":"W","système":"EPSG:4326"},"geometry":{"type":"Point","coordinates":[24.0174,58.4981]}},
{"type":"Feature","properties":{"country":"Estonia","direction":"NW","système":"EPSG:4326"},"geometry":{"type":"Point","coordinates":[24.789,59.2708]}},
{"type":"Feature","properties":{"country":"Germany","direction":"N","système":"EPSG:4326"},"geometry":{"type":"Point","coordinates":[10.4324,53.8727]}},
{"type":"Feature","properties":{"country":"Germany","direction":"NE","système":"EPSG:4326"},"geometry":{"type":"Point","coordinates":[12.6661,53.665]}},
{"type":"Feature","properties":{"country":"Germany","direction":"E","système":"EPSG:4326"},"geometry":{"type":"Point","coordinates":[13.9334,51.4312]}},
{"type":"Feature","properties":{"country":"Germany","direction":"SE","système":"EPSG:4326"},"geometry":{"type":"Point","coordinates":[12.7519,49.1117]}},
{"type":"Feature","properties":{"country":"Germany","direction":"S","système":"EPSG:4326"},"geometry":{"type":"Point","coordinates":[10.4324,48.1731]}},
{"type":"Feature","properties":{"country":"Germany","direction":"SW","système":"EPSG:4326"},"geometry":{"type":"Point","coordinates":[8.5089,49.5078]}},
{"type":"Feature","properties":{"country":"Germany","direction":"W","système":"EPSG:4326"},"geometry":{"type":"Point","coordinates":[6.9313,51.4312]}},
{"type":"Feature","properties":{"country":"Germany","direction":"NW","système":"EPSG:4326"},"geometry":{"type":"Point","coordinates":[8.6831,53.1805]}},
{"type":"Feature","properties":{"country":"Bulgaria","direction":"N","système":"EPSG:4326"},"geometry":{"type":"Point","coordinates":[25.1385,43.511]}},
{"type":"Feature","properties":{"country":"Bulgaria","direction":"NE","système":"EPSG:4326"},"geometry":{"type":"Point","coordinates":[26.1564,43.7573]}},
{"type":"Feature","properties":{"country":"Bulgaria","direction":"E","système":"EPSG:4326"},"geometry":{"type":"Point","coordinates":[27.2328,42.7394]}},
{"type":"Feature","properties":{"country":"Bulgaria","direction":"SE","système":"EPSG:4326"},"geometry":{"type":"Point","coordinates":[25.9202,41.9577]}},
{"type":"Feature","properties":{"country":"Bulgaria","direction":"S","système":"EPSG:4326"},"geometry":{"type":"Point","coordinates":[25.1385,41.5587]}},
{"type":"Feature","properties":{"country":"Bulgaria","direction":"SW","système":"EPSG:4326"},"geometry":{"type":"Point","coordinates":[24.001,41.6019]}},
{"type":"Feature","properties":{"country":"Bulgaria","direction":"W","système":"EPSG:4326"},"geometry":{"type":"Point","coordinates":[23.0443,42.7394]}},
{"type":"Feature","properties":{"country":"Bulgaria","direction":"NW","système":"EPSG:4326"},"geometry":{"type":"Point","coordinates":[24.3383,43.5396]}},
{"type":"Feature","properties":{"country":"Greece","direction":"N","système":"EPSG:4326"},"geometry":{"type":"Point","coordinates":[21.8063,40.6217]}},
{"type":"Feature","properties":{"country":"Greece","direction":"NE","système":"EPSG:4326"},"geometry":{"type":"Point","coordinates":[22.5399,39.814]}},
{"type":"Feature","properties":{"country":"Greece","direction":"E","système":"EPSG:4326"},"geometry":{"type":"Point","coordinates":[22.8905,39.0805]}},
{"type":"Feature","properties":{"country":"Greece","direction":"SE","système":"EPSG:4326"},"geometry":{"type":"Point","coordinates":[23.0159,37.8709]}},
{"type":"Feature","properties":{"country":"Greece","direction":"S","système":"EPSG:4326"},"geometry":{"type":"Point","coordinates":[21.8063,37.2342]}},
{"type":"Feature","properties":{"country":"Greece","direction":"SW","système":"EPSG:4326"},"geometry":{"type":"Point","coordinates":[21.2265,38.5006]}},
{"type":"Feature","properties":{"country":"Greece","direction":"W","système":"EPSG:4326"},"geometry":{"type":"Point","coordinates":[20.7221,39.0805]}},
{"type":"Feature","properties":{"country":"Greece","direction":"NW","système":"EPSG:4326"},"geometry":{"type":"Point","coordinates":[20.8734,40.0134]}},
{"type":"Feature","properties":{"country":"Turkey","direction":"N","système":"EPSG:4326"},"geometry":{"type":"Point","coordinates":[35.4549,41.2661]}},
{"type":"Feature","properties":{"country":"Turkey","direction":"NE","système":"EPSG:4326"},"geometry":{"type":"Point","coordinates":[37.4051,40.5837]}},
{"type":"Feature","properties":{"country":"Turkey","direction":"E","système":"EPSG:4326"},"geometry":{"type":"Point","coordinates":[42.5514,38.6335]}},
{"type":"Feature","properties":{"country":"Turkey","direction":"SE","système":"EPSG:4326"},"geometry":{"type":"Point","coordinates":[36.999,37.0895]}},
{"type":"Feature","properties":{"country":"Turkey","direction":"S","système":"EPSG:4326"},"geometry":{"type":"Point","coordinates":[35.4549,37.0002]}},
{"type":"Feature","properties":{"country":"Turkey","direction":"SW","système":"EPSG:4326"},"geometry":{"type":"Point","coordinates":[33.461,36.6396]}},
{"type":"Feature","properties":{"country":"Turkey","direction":"W","système":"EPSG:4326"},"geometry":{"type":"Point","coordinates":[28.3585,38.6335]}},
{"type":"Feature","properties":{"country":"Turkey","direction":"NW","système":"EPSG:4326"},"geometry":{"type":"Point","coordinates":[32.9721,41.1164]}},
{"type":"Feature","properties":{"country":"Albania","direction":"N","système":"EPSG:4326"},"geometry":{"type":"Point","coordinates":[19.9676,42.2933]}},
{"type":"Feature","properties":{"country":"Albania","direction":"NE","système":"EPSG:4326"},"geometry":{"type":"Point","coordinates":[20.4638,41.7441]}},
{"type":"Feature","properties":{"country":"Albania","direction":"E","système":"EPSG:4326"},"geometry":{"type":"Point","coordinates":[20.4348,41.2479]}},
{"type":"Feature","properties":{"country":"Albania","direction":"SE","système":"EPSG:4326"},"geometry":{"type":"Point","coordinates":[20.5919,40.6236]}},
{"type":"Feature","properties":{"country":"Albania","direction":"S","système":"EPSG:4326"},"geometry":{"type":"Point","coordinates":[19.9676,40.1148]}},
{"type":"Feature","properties":{"country":"Albania","direction":"SW","système":"EPSG:4326"},"geometry":{"type":"Point","coordinates":[19.4646,40.7449]}},
{"type":"Feature","properties":{"country":"Albania","direction":"W","système":"EPSG:4326"},"geometry":{"type":"Point","coordinates":[19.5003,41.2479]}},
{"type":"Feature","properties":{"country":"Albania","direction":"NW","système":"EPSG:4326"},"geometry":{"type":"Point","coordinates":[19.6147,41.6008]}},
{"type":"Feature","properties":{"country":"Croatia","direction":"N","système":"EPSG:4326"},"geometry":{"type":"Point","coordinates":[15.5836,45.5556]}},
{"type":"Feature","properties":{"country":"Croatia","direction":"NE","système":"EPSG:4326"},"geometry":{"type":"Point","coordinates":[15.7607,44.722]}},
{"type":"Feature","properties":{"country":"Croatia","direction":"E","système":"EPSG:4326"},"geometry":{"type":"Point","coordinates":[15.9462,44.5448]}},
{"type":"Feature","properties":{"country":"Croatia","direction":"SE","système":"EPSG:4326"},"geometry":{"type":"Point","coordinates":[16.6469,43.4814]}},
{"type":"Feature","properties":{"country":"Croatia","direction":"S","système":"EPSG:4326"},"geometry":{"type":"Point","coordinates":[15.5836,44.0171]}},
{"type":"Feature","properties":{"country":"Croatia","direction":"SW","système":"EPSG:4326"},"geometry":{"type":"Point","coordinates":[15.4096,44.3708]}},
{"type":"Feature","properties":{"country":"Croatia","direction":"W","système":"EPSG:4326"},"geometry":{"type":"Point","coordinates":[15.2209,44.5448]}},
{"type":"Feature","properties":{"country":"Croatia","direction":"NW","système":"EPSG:4326"},"geometry":{"type":"Point","coordinates":[14.7505,45.3779]}},
{"type":"Feature","properties":{"country":"Switzerland","direction":"N","système":"EPSG:4326"},"geometry":{"type":"Point","coordinates":[8.2865,47.453]}},
{"type":"Feature","properties":{"country":"Switzerland","direction":"NE","système":"EPSG:4326"},"geometry":{"type":"Point","coordinates":[8.964,47.4872]}},
{"type":"Feature","properties":{"country":"Switzerland","direction":"E","système":"EPSG:4326"},"geometry":{"type":"Point","coordinates":[9.9985,46.8097]}},
{"type":"Feature","properties":{"country":"Switzerland","direction":"SE","système":"EPSG:4326"},"geometry":{"type":"Point","coordinates":[8.8563,46.2399]}},
{"type":"Feature","properties":{"country":"Switzerland","direction":"S","système":"EPSG:4326"},"geometry":{"type":"Point","coordinates":[8.2865,46.2783]}},
{"type":"Feature","properties":{"country":"Switzerland","direction":"SW","système":"EPSG:4326"},"geometry":{"type":"Point","coordinates":[7.4657,45.9888]}},
{"type":"Feature","properties":{"country":"Switzerland","direction":"W","système":"EPSG:4326"},"geometry":{"type":"Point","coordinates":[6.5746,46.8097]}},
{"type":"Feature","properties":{"country":"Switzerland","direction":"NW","système":"EPSG:4326"},"geometry":{"type":"Point","coordinates":[7.6378,47.4583]}},
{"type":"Feature","properties":{"country":"Luxembourg","direction":"N","système":"EPSG:4326"},"geometry":{"type":"Point","coordinates":[5.9644,50.0365]}},
{"type":"Feature","properties":{"country":"Luxembourg","direction":"NE","système":"EPSG:4326"},"geometry":{"type":"Point","coordinates":[6.1526,49.904]}},
{"type":"Feature","properties":{"country":"Luxembourg","direction":"E","système":"EPSG:4326"},"geometry":{"type":"Point","coordinates":[6.1679,49.7159]}},
{"type":"Feature","properties":{"country":"Luxembourg","direction":"SE","système":"EPSG:4326"},"geometry":{"type":"Point","coordinates":[6.1447,49.5356]}},
{"type":"Feature","properties":{"country":"Luxembourg","direction":"S","système":"EPSG:4326"},"geometry":{"type":"Point","coordinates":[5.9644,49.5012]}},
{"type":"Feature","properties":{"country":"Luxembourg","direction":"SW","système":"EPSG:4326"},"geometry":{"type":"Point","coordinates":[5.7921,49.5435]}},
{"type":"Feature","properties":{"country":"Luxembourg","direction":"W","système":"EPSG:4326"},"geometry":{"type":"Point","coordinates":[5.7609,49.7159]}},
{"type":"Feature","properties":{"country":"Luxembourg","direction":"NW","système":"EPSG:4326"},"geometry":{"type":"Point","coordinates":[5.7939,49.8864]}},
{"type":"Feature","properties":{"country":"Belgium","direction":"N","système":"EPSG:4326"},"geometry":{"type":"Point","coordinates":[4.7374,51.2535]}},
{"type":"Feature","properties":{"country":"Belgium","direction":"NE","système":"EPSG:4326"},"geometry":{"type":"Point","coordinates":[5.2382,51.0805]}},
{"type":"Feature","properties":{"country":"Belgium","direction":"E","système":"EPSG:4326"},"geometry":{"type":"Point","coordinates":[5.8427,50.5797]}},
{"type":"Feature","properties":{"country":"Belgium","direction":"SE","système":"EPSG:4326"},"geometry":{"type":"Point","coordinates":[5.5014,49.8156]}},
{"type":"Feature","properties":{"country":"Belgium","direction":"S","système":"EPSG:4326"},"geometry":{"type":"Point","coordinates":[4.7374,50.0967]}},
{"type":"Feature","properties":{"country":"Belgium","direction":"SW","système":"EPSG:4326"},"geometry":{"type":"Point","coordinates":[4.2709,50.1132]}},
{"type":"Feature","properties":{"country":"Belgium","direction":"W","système":"EPSG:4326"},"geometry":{"type":"Point","coordinates":[3.632,50.5797]}},
{"type":"Feature","properties":{"country":"Belgium","direction":"NW","système":"EPSG:4326"},"geometry":{"type":"Point","coordinates":[4.1869,51.1301]}},
{"type":"Feature","properties":{"country":"Netherlands","direction":"N","système":"EPSG:4326"},"geometry":{"type":"Point","coordinates":[5.3981,53.0509]}},
{"type":"Feature","properties":{"country":"Netherlands","direction":"NE","système":"EPSG:4326"},"geometry":{"type":"Point","coordinates":[6.5534,53.1955]}},
{"type":"Feature","properties":{"country":"Netherlands","direction":"E","système":"EPSG:4326"},"geometry":{"type":"Point","coordinates":[6.4525,52.0402]}},
{"type":"Feature","properties":{"country":"Netherlands","direction":"SE","système":"EPSG:4326"},"geometry":{"type":"Point","coordinates":[5.9319,51.5064]}},
{"type":"Feature","properties":{"country":"Netherlands","direction":"S","système":"EPSG:4326"},"geometry":{"type":"Point","coordinates":[5.3981,51.3534]}},
{"type":"Feature","properties":{"country":"Netherlands","direction":"SW","système":"EPSG:4326"},"geometry":{"type":"Point","coordinates":[4.9133,51.5555]}},
{"type":"Feature","properties":{"country":"Netherlands","direction":"W","système":"EPSG:4326"},"geometry":{"type":"Point","coordinates":[4.3437,52.0402]}},
{"type":"Feature","properties":{"country":"Netherlands","direction":"NW","système":"EPSG:4326"},"geometry":{"type":"Point","coordinates":[4.7371,52.7012]}},
{"type":"Feature","properties":{"country":"Portugal","direction":"N","système":"EPSG:4326"},"geometry":{"type":"Point","coordinates":[-8.3679,41.6968]}},
{"type":"Feature","properties":{"country":"Portugal","direction":"NE","système":"EPSG:4326"},"geometry":{"type":"Point","coordinates":[-7.1556,40.7231]}},
{"type":"Feature","properties":{"country":"Portugal","direction":"E","système":"EPSG:4326"},"geometry":{"type":"Point","coordinates":[-7.609,39.5108]}},
{"type":"Feature","properties":{"country":"Portugal","direction":"SE","système":"EPSG:4326"},"geometry":{"type":"Point","coordinates":[-7.5388,38.6817]}},
{"type":"Feature","properties":{"country":"Portugal","direction":"S","système":"EPSG:4326"},"geometry":{"type":"Point","coordinates":[-8.3679,37.4821]}},
{"type":"Feature","properties":{"country":"Portugal","direction":"SW","système":"EPSG:4326"},"geometry":{"type":"Point","coordinates":[-9.1756,38.7031]}},
{"type":"Feature","properties":{"country":"Portugal","direction":"W","système":"EPSG:4326"},"geometry":{"type":"Point","coordinates":[-9.1268,39.5108]}},
{"type":"Feature","properties":{"country":"Portugal","direction":"NW","système":"EPSG:4326"},"geometry":{"type":"Point","coordinates":[-8.8601,40.003]}},
{"type":"Feature","properties":{"country":"Spain","direction":"N","système":"EPSG:4326"},"geometry":{"type":"Point","coordinates":[-3.52,42.7482]}},
{"type":"Feature","properties":{"country":"Spain","direction":"NE","système":"EPSG:4326"},"geometry":{"type":"Point","coordinates":[-1.2012,42.2367]}},
{"type":"Feature","properties":{"country":"Spain","direction":"E","système":"EPSG:4326"},"geometry":{"type":"Point","coordinates":[-0.6967,39.9179]}},
{"type":"Feature","properties":{"country":"Spain","direction":"SE","système":"EPSG:4326"},"geometry":{"type":"Point","coordinates":[-1.6058,38.0037]}},
{"type":"Feature","properties":{"country":"Spain","direction":"S","système":"EPSG:4326"},"geometry":{"type":"Point","coordinates":[-3.52,37.3124]}},
{"type":"Feature","properties":{"country":"Spain","direction":"SW","système":"EPSG:4326"},"geometry":{"type":"Point","coordinates":[-5.9135,37.5244]}},
{"type":"Feature","properties":{"country":"Spain","direction":"W","système":"EPSG:4326"},"geometry":{"type":"Point","coordinates":[-6.3433,39.9179]}},
{"type":"Feature","properties":{"country":"Spain","direction":"NW","système":"EPSG:4326"},"geometry":{"type":"Point","coordinates":[-6.4974,42.8954]}},
{"type":"Feature","properties":{"country":"Ireland","direction":"N","système":"EPSG:4326"},"geometry":{"type":"Point","coordinates":[-7.8067,54.6914]}},
{"type":"Feature","properties":{"country":"Ireland","direction":"NE","système":"EPSG:4326"},"geometry":{"type":"Point","coordinates":[-7.3613,53.9558]}},
{"type":"Feature","properties":{"country":"Ireland","direction":"E","système":"EPSG:4326"},"geometry":{"type":"Point","coordinates":[-6.4537,53.5104]}},
{"type":"Feature","properties":{"country":"Ireland","direction":"SE","système":"EPSG:4326"},"geometry":{"type":"Point","coordinates":[-6.9072,52.6109]}},
{"type":"Feature","properties":{"country":"Ireland","direction":"S","système":"EPSG:4326"},"geometry":{"type":"Point","coordinates":[-7.8067,52.2388]}},
{"type":"Feature","properties":{"country":"Ireland","direction":"SW","système":"EPSG:4326"},"geometry":{"type":"Point","coordinates":[-9.1957,52.1214]}},
{"type":"Feature","properties":{"country":"Ireland","direction":"W","système":"EPSG:4326"},"geometry":{"type":"Point","coordinates":[-9.1597,53.5104]}},
{"type":"Feature","properties":{"country":"Ireland","direction":"NW","système":"EPSG:4326"},"geometry":{"type":"Point","coordinates":[-8.5451,54.2487]}},
{"type":"Feature","properties":{"country":"Solomon Islands","direction":"N","système":"EPSG:4326"},"geometry":{"type":"Point","coordinates":[159.0959,-7.7493]}},
{"type":"Feature","properties":{"country":"Solomon Islands","direction":"NE","système":"EPSG:4326"},"geometry":{"type":"Point","coordinates":[159.1844,-7.7989]}},
{"type":"Feature","properties":{"country":"Solomon Islands","direction":"E","système":"EPSG:4326"},"geometry":{"type":"Point","coordinates":[159.3421,-7.8874]}},
{"type":"Feature","properties":{"country":"Solomon Islands","direction":"SE","système":"EPSG:4326"},"geometry":{"type":"Point","coordinates":[159.4556,-8.2471]}},
{"type":"Feature","properties":{"country":"Solomon Islands","direction":"S","système":"EPSG:4326"},"geometry":{"type":"Point","coordinates":[159.0959,-8.049]}},
{"type":"Feature","properties":{"country":"Solomon Islands","direction":"SW","système":"EPSG:4326"},"geometry":{"type":"Point","coordinates":[158.9983,-7.985]}},
{"type":"Feature","properties":{"country":"Solomon Islands","direction":"W","système":"EPSG:4326"},"geometry":{"type":"Point","coordinates":[158.8497,-7.8874]}},
{"type":"Feature","properties":{"country":"Solomon Islands","direction":"NW","système":"EPSG:4326"},"geometry":{"type":"Point","coordinates":[158.789,-7.5805]}},
{"type":"Feature","properties":{"country":"New Zealand","direction":"N","système":"EPSG:4326"},"geometry":{"type":"Point","coordinates":[171.1762,-42.6826]}},
{"type":"Feature","properties":{"country":"New Zealand","direction":"NE","système":"EPSG:4326"},"geometry":{"type":"Point","coordinates":[173.3934,-41.4871]}},
{"type":"Feature","properties":{"country":"New Zealand","direction":"E","système":"EPSG:4326"},"geometry":{"type":"Point","coordinates":[172.6079,-43.7043]}},
{"type":"Feature","properties":{"country":"New Zealand","direction":"SE","système":"EPSG:4326"},"geometry":{"type":"Point","coordinates":[171.5428,-44.0709]}},
{"type":"Feature","properties":{"country":"New Zealand","direction":"S","système":"EPSG:4326"},"geometry":{"type":"Point","coordinates":[171.1762,-44.6713]}},
{"type":"Feature","properties":{"country":"New Zealand","direction":"SW","système":"EPSG:4326"},"geometry":{"type":"Point","coordinates":[168.8844,-45.9961]}},
{"type":"Feature","properties":{"country":"New Zealand","direction":"W","système":"EPSG:4326"},"geometry":{"type":"Point","coordinates":[169.7444,-43.7043]}},
{"type":"Feature","properties":{"country":"New Zealand","direction":"NW","système":"EPSG:4326"},"geometry":{"type":"Point","coordinates":[170.6445,-43.1727]}},
{"type":"Feature","properties":{"country":"Australia","direction":"N","système":"EPSG:4326"},"geometry":{"type":"Point","coordinates":[133.0586,-14.0935]}},
{"type":"Feature","properties":{"country":"Australia","direction":"NE","système":"EPSG:4326"},"geometry":{"type":"Point","coordinates":[138.7686,-19.1315]}},
{"type":"Feature","properties":{"country":"Australia","direction":"E","système":"EPSG:4326"},"geometry":{"type":"Point","coordinates":[148.5668,-24.8415]}},
{"type":"Feature","properties":{"country":"Australia","direction":"SE","système":"EPSG:4326"},"geometry":{"type":"Point","coordinates":[144.1034,-35.8862]}},
{"type":"Feature","properties":{"country":"Australia","direction":"S","système":"EPSG:4326"},"geometry":{"type":"Point","coordinates":[133.0586,-30.6029]}},
{"type":"Feature","properties":{"country":"Australia","direction":"SW","système":"EPSG:4326"},"geometry":{"type":"Point","coordinates":[126.8107,-31.0893]}},
{"type":"Feature","properties":{"country":"Australia","direction":"W","système":"EPSG:4326"},"geometry":{"type":"Point","coordinates":[117.5504,-24.8415]}},
{"type":"Feature","properties":{"country":"Australia","direction":"NW","système":"EPSG:4326"},"geometry":{"type":"Point","coordinates":[126.0499,-17.8328]}},
{"type":"Feature","properties":{"country":"Sri Lanka","direction":"N","système":"EPSG:4326"},"geometry":{"type":"Point","coordinates":[80.6838,9.0869]}},
{"type":"Feature","properties":{"country":"Sri Lanka","direction":"NE","système":"EPSG:4326"},"geometry":{"type":"Point","coordinates":[81.2009,8.3791]}},
{"type":"Feature","properties":{"country":"Sri Lanka","direction":"E","système":"EPSG:4326"},"geometry":{"type":"Point","coordinates":[81.4412,7.8619]}},
{"type":"Feature","properties":{"country":"Sri Lanka","direction":"SE","système":"EPSG:4326"},"geometry":{"type":"Point","coordinates":[81.4897,7.056]}},
{"type":"Feature","properties":{"country":"Sri Lanka","direction":"S","système":"EPSG:4326"},"geometry":{"type":"Point","coordinates":[80.6838,6.4177]}},
{"type":"Feature","properties":{"country":"Sri Lanka","direction":"SW","système":"EPSG:4326"},"geometry":{"type":"Point","coordinates":[80.0095,7.1877]}},
{"type":"Feature","properties":{"country":"Sri Lanka","direction":"W","système":"EPSG:4326"},"geometry":{"type":"Point","coordinates":[79.9263,7.8619]}},
{"type":"Feature","properties":{"country":"Sri Lanka","direction":"NW","système":"EPSG:4326"},"geometry":{"type":"Point","coordinates":[80.0062,8.5395]}},
{"type":"Feature","properties":{"country":"China","direction":"N","système":"EPSG:4326"},"geometry":{"type":"Point","coordinates":[98.7696,41.4443]}},
{"type":"Feature","properties":{"country":"China","direction":"NE","système":"EPSG:4326"},"geometry":{"type":"Point","coordinates":[102.8569,40.886]}},
{"type":"Feature","properties":{"country":"China","direction":"E","système":"EPSG:4326"},"geometry":{"type":"Point","coordinates":[117.235,36.7987]}},
{"type":"Feature","properties":{"country":"China","direction":"SE","système":"EPSG:4326"},"geometry":{"type":"Point","coordinates":[110.4643,25.104]}},
{"type":"Feature","properties":{"country":"China","direction":"S","système":"EPSG:4326"},"geometry":{"type":"Point","coordinates":[98.7696,26.2728]}},
{"type":"Feature","properties":{"country":"China","direction":"SW","système":"EPSG:4326"},"geometry":{"type":"Point","coordinates":[91.9185,29.9477]}},
{"type":"Feature","properties":{"country":"China","direction":"W","système":"EPSG:4326"},"geometry":{"type":"Point","coordinates":[80.3042,36.7987]}},
{"type":"Feature","properties":{"country":"China","direction":"NW","système":"EPSG:4326"},"geometry":{"type":"Point","coordinates":[89.2123,46.356]}},
{"type":"Feature","properties":{"country":"Taiwan","direction":"N","système":"EPSG:4326"},"geometry":{"type":"Point","coordinates":[120.9888,24.6484]}},
{"type":"Feature","properties":{"country":"Taiwan","direction":"NE","système":"EPSG:4326"},"geometry":{"type":"Point","coordinates":[121.7394,24.7258]}},
{"type":"Feature","properties":{"country":"Taiwan","direction":"E","système":"EPSG:4326"},"geometry":{"type":"Point","coordinates":[121.4941,23.9753]}},
{"type":"Feature","properties":{"country":"Taiwan","direction":"SE","système":"EPSG:4326"},"geometry":{"type":"Point","coordinates":[121.3562,23.6079]}},
{"type":"Feature","properties":{"country":"Taiwan","direction":"S","système":"EPSG:4326"},"geometry":{"type":"Point","coordinates":[120.9888,22.7417]}},
{"type":"Feature","properties":{"country":"Taiwan","direction":"SW","système":"EPSG:4326"},"geometry":{"type":"Point","coordinates":[120.3321,23.3185]}},
{"type":"Feature","properties":{"country":"Taiwan","direction":"W","système":"EPSG:4326"},"geometry":{"type":"Point","coordinates":[120.4836,23.9753]}},
{"type":"Feature","properties":{"country":"Taiwan","direction":"NW","système":"EPSG:4326"},"geometry":{"type":"Point","coordinates":[120.6729,24.2912]}},
{"type":"Feature","properties":{"country":"Italy","direction":"N","système":"EPSG:4326"},"geometry":{"type":"Point","coordinates":[12.6312,43.7667]}},
{"type":"Feature","properties":{"country":"Italy","direction":"NE","système":"EPSG:4326"},"geometry":{"type":"Point","coordinates":[13.3882,43.3153]}},
{"type":"Feature","properties":{"country":"Italy","direction":"E","système":"EPSG:4326"},"geometry":{"type":"Point","coordinates":[13.9741,42.5582]}},
{"type":"Feature","properties":{"country":"Italy","direction":"SE","système":"EPSG:4326"},"geometry":{"type":"Point","coordinates":[14.1567,41.0327]}},
{"type":"Feature","properties":{"country":"Italy","direction":"S","système":"EPSG:4326"},"geometry":{"type":"Point","coordinates":[12.6312,41.6329]}},
{"type":"Feature","properties":{"country":"Italy","direction":"SW","système":"EPSG:4326"},"geometry":{"type":"Point","coordinates":[12.0577,41.9848]}},
{"type":"Feature","properties":{"country":"Italy","direction":"W","système":"EPSG:4326"},"geometry":{"type":"Point","coordinates":[11.2883,42.5582]}},
{"type":"Feature","properties":{"country":"Italy","direction":"NW","système":"EPSG:4326"},"geometry":{"type":"Point","coordinates":[9.7513,45.4381]}},
{"type":"Feature","properties":{"country":"Iceland","direction":"N","système":"EPSG:4326"},"geometry":{"type":"Point","coordinates":[-18.4579,65.9112]}},
{"type":"Feature","properties":{"country":"Iceland","direction":"NE","système":"EPSG:4326"},"geometry":{"type":"Point","coordinates":[-17.5187,65.9273]}},
{"type":"Feature","properties":{"country":"Iceland","direction":"E","système":"EPSG:4326"},"geometry":{"type":"Point","coordinates":[-14.7684,64.988]}},
{"type":"Feature","properties":{"country":"Iceland","direction":"SE","système":"EPSG:4326"},"geometry":{"type":"Point","coordinates":[-17.5096,64.0398]}},
{"type":"Feature","properties":{"country":"Iceland","direction":"S","système":"EPSG:4326"},"geometry":{"type":"Point","coordinates":[-18.4579,63.8283]}},
{"type":"Feature","properties":{"country":"Iceland","direction":"SW","système":"EPSG:4326"},"geometry":{"type":"Point","coordinates":[-19.5471,63.8988]}},
{"type":"Feature","properties":{"country":"Iceland","direction":"W","système":"EPSG:4326"},"geometry":{"type":"Point","coordinates":[-22.1474,64.988]}},
{"type":"Feature","properties":{"country":"Iceland","direction":"NW","système":"EPSG:4326"},"geometry":{"type":"Point","coordinates":[-19.3432,65.8734]}},
{"type":"Feature","properties":{"country":"Azerbaijan","direction":"N","système":"EPSG:4326"},"geometry":{"type":"Point","coordinates":[47.6352,40.951]}},
{"type":"Feature","properties":{"country":"Azerbaijan","direction":"NE","système":"EPSG:4326"},"geometry":{"type":"Point","coordinates":[48.723,41.1258]}},
{"type":"Feature","properties":{"country":"Azerbaijan","direction":"E","système":"EPSG:4326"},"geometry":{"type":"Point","coordinates":[49.1577,40.038]}},
{"type":"Feature","properties":{"country":"Azerbaijan","direction":"SE","système":"EPSG:4326"},"geometry":{"type":"Point","coordinates":[48.6129,39.0604]}},
{"type":"Feature","properties":{"country":"Azerbaijan","direction":"S","système":"EPSG:4326"},"geometry":{"type":"Point","coordinates":[47.6352,39.5894]}},
{"type":"Feature","properties":{"country":"Azerbaijan","direction":"SW","système":"EPSG:4326"},"geometry":{"type":"Point","coordinates":[46.7282,39.131]}},
{"type":"Feature","properties":{"country":"Azerbaijan","direction":"W","système":"EPSG:4326"},"geometry":{"type":"Point","coordinates":[46.1128,40.038]}},
{"type":"Feature","properties":{"country":"Azerbaijan","direction":"NW","système":"EPSG:4326"},"geometry":{"type":"Point","coordinates":[46.7745,40.8988]}},
{"type":"Feature","properties":{"country":"Georgia","direction":"N","système":"EPSG:4326"},"geometry":{"type":"Point","coordinates":[43.602,42.6956]}},
{"type":"Feature","properties":{"country":"Georgia","direction":"NE","système":"EPSG:4326"},"geometry":{"type":"Point","coordinates":[43.8375,42.5331]}},
{"type":"Feature","properties":{"country":"Georgia","direction":"E","système":"EPSG:4326"},"geometry":{"type":"Point","coordinates":[45.2191,42.2976]}},
{"type":"Feature","properties":{"country":"Georgia","direction":"SE","système":"EPSG:4326"},"geometry":{"type":"Point","coordinates":[44.4675,41.4321]}},
{"type":"Feature","properties":{"country":"Georgia","direction":"S","système":"EPSG:4326"},"geometry":{"type":"Point","coordinates":[43.602,41.335]}},
{"type":"Feature","properties":{"country":"Georgia","direction":"SW","système":"EPSG:4326"},"geometry":{"type":"Point","coordinates":[42.9581,41.6537]}},
{"type":"Feature","properties":{"country":"Georgia","direction":"W","système":"EPSG:4326"},"geometry":{"type":"Point","coordinates":[41.9849,42.2976]}},
{"type":"Feature","properties":{"country":"Georgia","direction":"NW","système":"EPSG:4326"},"geometry":{"type":"Point","coordinates":[42.9877,42.9119]}},
{"type":"Feature","properties":{"country":"Philippines","direction":"N","système":"EPSG:4326"},"geometry":{"type":"Point","coordinates":[120.7611,17.9378]}},
{"type":"Feature","properties":{"country":"Philippines","direction":"NE","système":"EPSG:4326"},"geometry":{"type":"Point","coordinates":[122.0796,16.9872]}},
{"type":"Feature","properties":{"country":"Philippines","direction":"E","système":"EPSG:4326"},"geometry":{"type":"Point","coordinates":[121.4414,15.6687]}},
{"type":"Feature","properties":{"country":"Philippines","direction":"SE","système":"EPSG:4326"},"geometry":{"type":"Point","coordinates":[121.4188,15.011]}},
{"type":"Feature","properties":{"country":"Philippines","direction":"S","système":"EPSG:4326"},"geometry":{"type":"Point","coordinates":[120.7611,14.8971]}},
{"type":"Feature","properties":{"country":"Philippines","direction":"SW","système":"EPSG:4326"},"geometry":{"type":"Point","coordinates":[120.2071,15.1147]}},
{"type":"Feature","properties":{"country":"Philippines","direction":"W","système":"EPSG:4326"},"geometry":{"type":"Point","coordinates":[120.0808,15.6687]}},
{"type":"Feature","properties":{"country":"Philippines","direction":"NW","système":"EPSG:4326"},"geometry":{"type":"Point","coordinates":[120.3868,16.043]}},
{"type":"Feature","properties":{"country":"Malaysia","direction":"N","système":"EPSG:4326"},"geometry":{"type":"Point","coordinates":[114.507,4.0513]}},
{"type":"Feature","properties":{"country":"Malaysia","direction":"NE","système":"EPSG:4326"},"geometry":{"type":"Point","coordinates":[115.1379,4.1623]}},
{"type":"Feature","properties":{"country":"Malaysia","direction":"E","système":"EPSG:4326"},"geometry":{"type":"Point","coordinates":[115.4049,3.5314]}},
{"type":"Feature","properties":{"country":"Malaysia","direction":"SE","système":"EPSG:4326"},"geometry":{"type":"Point","coordinates":[115.0434,2.9949]}},
{"type":"Feature","properties":{"country":"Malaysia","direction":"S","système":"EPSG:4326"},"geometry":{"type":"Point","coordinates":[114.507,1.8269]}},
{"type":"Feature","properties":{"country":"Malaysia","direction":"SW","système":"EPSG:4326"},"geometry":{"type":"Point","coordinates":[112.811,1.8354]}},
{"type":"Feature","properties":{"country":"Malaysia","direction":"W","système":"EPSG:4326"},"geometry":{"type":"Point","coordinates":[113.6091,3.5314]}},
{"type":"Feature","properties":{"country":"Malaysia","direction":"NW","système":"EPSG:4326"},"geometry":{"type":"Point","coordinates":[114.0228,4.0156]}},
{"type":"Feature","properties":{"country":"Brunei","direction":"N","système":"EPSG:4326"},"geometry":{"type":"Point","coordinates":[114.8928,5.0134]}},
{"type":"Feature","properties":{"country":"Brunei","direction":"NE","système":"EPSG:4326"},"geometry":{"type":"Point","coordinates":[115.3249,5.145]}},
{"type":"Feature","properties":{"country":"Brunei","direction":"E","système":"EPSG:4326"},"geometry":{"type":"Point","coordinates":[115.2854,4.7129]}},
{"type":"Feature","properties":{"country":"Brunei","direction":"SE","système":"EPSG:4326"},"geometry":{"type":"Point","coordinates":[115.2065,4.3992]}},
{"type":"Feature","properties":{"country":"Brunei","direction":"S","système":"EPSG:4326"},"geometry":{"type":"Point","coordinates":[114.8928,4.42]}},
{"type":"Feature","properties":{"country":"Brunei","direction":"SW","système":"EPSG:4326"},"geometry":{"type":"Point","coordinates":[114.5295,4.3497]}},
{"type":"Feature","properties":{"country":"Brunei","direction":"W","système":"EPSG:4326"},"geometry":{"type":"Point","coordinates":[114.5002,4.7129]}},
{"type":"Feature","properties":{"country":"Brunei","direction":"NW","système":"EPSG:4326"},"geometry":{"type":"Point","coordinates":[114.71,4.8957]}},
{"type":"Feature","properties":{"country":"Slovenia","direction":"N","système":"EPSG:4326"},"geometry":{"type":"Point","coordinates":[14.7323,46.4068]}},
{"type":"Feature","properties":{"country":"Slovenia","direction":"NE","système":"EPSG:4326"},"geometry":{"type":"Point","coordinates":[15.1603,46.5554]}},
{"type":"Feature","properties":{"country":"Slovenia","direction":"E","système":"EPSG:4326"},"geometry":{"type":"Point","coordinates":[15.5401,46.1274]}},
{"type":"Feature","properties":{"country":"Slovenia","direction":"SE","système":"EPSG:4326"},"geometry":{"type":"Point","coordinates":[15.2077,45.652]}},
{"type":"Feature","properties":{"country":"Slovenia","direction":"S","système":"EPSG:4326"},"geometry":{"type":"Point","coordinates":[14.7323,45.6808]}},
{"type":"Feature","properties":{"country":"Slovenia","direction":"SW","système":"EPSG:4326"},"geometry":{"type":"Point","coordinates":[14.216,45.6112]}},
{"type":"Feature","properties":{"country":"Slovenia","direction":"W","système":"EPSG:4326"},"geometry":{"type":"Point","coordinates":[13.9244,46.1274]}},
{"type":"Feature","properties":{"country":"Slovenia","direction":"NW","système":"EPSG:4326"},"geometry":{"type":"Point","coordinates":[14.4718,46.3879]}},
{"type":"Feature","properties":{"country":"Finland","direction":"N","système":"EPSG:4326"},"geometry":{"type":"Point","coordinates":[27.3733,69.0747]}},
{"type":"Feature","properties":{"country":"Finland","direction":"NE","système":"EPSG:4326"},"geometry":{"type":"Point","coordinates":[28.8125,66.4693]}},
{"type":"Feature","properties":{"country":"Finland","direction":"E","système":"EPSG:4326"},"geometry":{"type":"Point","coordinates":[29.1613,65.03]}},
{"type":"Feature","properties":{"country":"Finland","direction":"SE","système":"EPSG:4326"},"geometry":{"type":"Point","coordinates":[29.8469,62.5565]}},
{"type":"Feature","properties":{"country":"Finland","direction":"S","système":"EPSG:4326"},"geometry":{"type":"Point","coordinates":[27.3733,61.3844]}},
{"type":"Feature","properties":{"country":"Finland","direction":"SW","système":"EPSG:4326"},"geometry":{"type":"Point","coordinates":[23.4903,61.1471]}},
{"type":"Feature","properties":{"country":"Finland","direction":"W","système":"EPSG:4326"},"geometry":{"type":"Point","coordinates":[25.5853,65.03]}},
{"type":"Feature","properties":{"country":"Finland","direction":"NW","système":"EPSG:4326"},"geometry":{"type":"Point","coordinates":[24.2887,68.1146]}},
{"type":"Feature","properties":{"country":"Slovakia","direction":"N","système":"EPSG:4326"},"geometry":{"type":"Point","coordinates":[19.6301,49.2257]}},
{"type":"Feature","properties":{"country":"Slovakia","direction":"NE","système":"EPSG:4326"},"geometry":{"type":"Point","coordinates":[20.1756,49.2574]}},
{"type":"Feature","properties":{"country":"Slovakia","direction":"E","système":"EPSG:4326"},"geometry":{"type":"Point","coordinates":[21.7067,48.7119]}},
{"type":"Feature","properties":{"country":"Slovakia","direction":"SE","système":"EPSG:4326"},"geometry":{"type":"Point","coordinates":[19.9753,48.3667]}},
{"type":"Feature","properties":{"country":"Slovakia","direction":"S","système":"EPSG:4326"},"geometry":{"type":"Point","coordinates":[19.6301,48.3477]}},
{"type":"Feature","properties":{"country":"Slovakia","direction":"SW","système":"EPSG:4326"},"geometry":{"type":"Point","coordinates":[19.1403,48.2222]}},
{"type":"Feature","properties":{"country":"Slovakia","direction":"W","système":"EPSG:4326"},"geometry":{"type":"Point","coordinates":[17.5535,48.7119]}},
{"type":"Feature","properties":{"country":"Slovakia","direction":"NW","système":"EPSG:4326"},"geometry":{"type":"Point","coordinates":[19.0027,49.3393]}},
{"type":"Feature","properties":{"country":"Czechia","direction":"N","système":"EPSG:4326"},"geometry":{"type":"Point","coordinates":[15.5382,50.575]}},
{"type":"Feature","properties":{"country":"Czechia","direction":"NE","système":"EPSG:4326"},"geometry":{"type":"Point","coordinates":[16.0638,50.2839]}},
{"type":"Feature","properties":{"country":"Czechia","direction":"E","système":"EPSG:4326"},"geometry":{"type":"Point","coordinates":[17.9942,49.7583]}},
{"type":"Feature","properties":{"country":"Czechia","direction":"SE","système":"EPSG:4326"},"geometry":{"type":"Point","coordinates":[16.3224,48.974]}},
{"type":"Feature","properties":{"country":"Czechia","direction":"S","système":"EPSG:4326"},"geometry":{"type":"Point","coordinates":[15.5382,49.0934]}},
{"type":"Feature","properties":{"country":"Czechia","direction":"SW","système":"EPSG:4326"},"geometry":{"type":"Point","coordinates":[14.5767,48.7968]}},
{"type":"Feature","properties":{"country":"Czechia","direction":"W","système":"EPSG:4326"},"geometry":{"type":"Point","coordinates":[13.0821,49.7583]}},
{"type":"Feature","properties":{"country":"Czechia","direction":"NW","système":"EPSG:4326"},"geometry":{"type":"Point","coordinates":[14.4951,50.8013]}},
{"type":"Feature","properties":{"country":"Eritrea","direction":"N","système":"EPSG:4326"},"geometry":{"type":"Point","coordinates":[38.2958,17.335]}},
{"type":"Feature","properties":{"country":"Eritrea","direction":"NE","système":"EPSG:4326"},"geometry":{"type":"Point","coordinates":[39.0268,15.9285]}},
{"type":"Feature","properties":{"country":"Eritrea","direction":"E","système":"EPSG:4326"},"geometry":{"type":"Point","coordinates":[39.7859,15.1975]}},
{"type":"Feature","properties":{"country":"Eritrea","direction":"SE","système":"EPSG:4326"},"geometry":{"type":"Point","coordinates":[38.7407,14.7526]}},
{"type":"Feature","properties":{"country":"Eritrea","direction":"S","système":"EPSG:4326"},"geometry":{"type":"Point","coordinates":[38.2958,14.7739]}},
{"type":"Feature","properties":{"country":"Eritrea","direction":"SW","système":"EPSG:4326"},"geometry":{"type":"Point","coordinates":[38.0534,14.9552]}},
{"type":"Feature","properties":{"country":"Eritrea","direction":"W","système":"EPSG:4326"},"geometry":{"type":"Point","coordinates":[36.8057,15.1975]}},
{"type":"Feature","properties":{"country":"Eritrea","direction":"NW","système":"EPSG:4326"},"geometry":{"type":"Point","coordinates":[37.1085,16.3848]}},
{"type":"Feature","properties":{"country":"Japan","direction":"N","système":"EPSG:4326"},"geometry":{"type":"Point","coordinates":[138.3489,37.2032]}},
{"type":"Feature","properties":{"country":"Japan","direction":"NE","système":"EPSG:4326"},"geometry":{"type":"Point","coordinates":[140.62119932432438,40.037526956158153]}},
{"type":"Feature","properties":{"country":"Japan","direction":"E","système":"EPSG:4326"},"geometry":{"type":"Point","coordinates":[140.529983108108127,37.138732249660187]}},
{"type":"Feature","properties":{"country":"Japan","direction":"SE","système":"EPSG:4326"},"geometry":{"type":"Point","coordinates":[139.397381756756829,35.692126482521346]}},
{"type":"Feature","properties":{"country":"Japan","direction":"S","système":"EPSG:4326"},"geometry":{"type":"Point","coordinates":[137.709881756756829,34.885541231684968]}},
{"type":"Feature","properties":{"country":"Japan","direction":"SW","système":"EPSG:4326"},"geometry":{"type":"Point","coordinates":[134.137246621621671,33.704975791629707]}},
{"type":"Feature","properties":{"country":"Japan","direction":"W","système":"EPSG:4326"},"geometry":{"type":"Point","coordinates":[130.891469594594639,33.315195090439268]}},
{"type":"Feature","properties":{"country":"Japan","direction":"NW","système":"EPSG:4326"},"geometry":{"type":"Point","coordinates":[133.840793918918962,35.174973323619234]}},
{"type":"Feature","properties":{"country":"Paraguay","direction":"N","système":"EPSG:4326"},"geometry":{"type":"Point","coordinates":[-58.6374,-20.3181]}},
{"type":"Feature","properties":{"country":"Paraguay","direction":"NE","système":"EPSG:4326"},"geometry":{"type":"Point","coordinates":[-57.8583,-22.3347]}},
{"type":"Feature","properties":{"country":"Paraguay","direction":"E","système":"EPSG:4326"},"geometry":{"type":"Point","coordinates":[-56.1788,-23.1138]}},
{"type":"Feature","properties":{"country":"Paraguay","direction":"SE","système":"EPSG:4326"},"geometry":{"type":"Point","coordinates":[-55.7063,-26.045]}},
{"type":"Feature","properties":{"country":"Paraguay","direction":"S","système":"EPSG:4326"},"geometry":{"type":"Point","coordinates":[-58.6374,-24.4915]}},
{"type":"Feature","properties":{"country":"Paraguay","direction":"SW","système":"EPSG:4326"},"geometry":{"type":"Point","coordinates":[-59.515,-23.9914]}},
{"type":"Feature","properties":{"country":"Paraguay","direction":"W","système":"EPSG:4326"},"geometry":{"type":"Point","coordinates":[-61.096,-23.1138]}},
{"type":"Feature","properties":{"country":"Paraguay","direction":"NW","système":"EPSG:4326"},"geometry":{"type":"Point","coordinates":[-61.25,-20.5012]}},
{"type":"Feature","properties":{"country":"Yemen","direction":"N","système":"EPSG:4326"},"geometry":{"type":"Point","coordinates":[47.4731,16.864]}},
{"type":"Feature","properties":{"country":"Yemen","direction":"NE","système":"EPSG:4326"},"geometry":{"type":"Point","coordinates":[49.8562,18.1984]}},
{"type":"Feature","properties":{"country":"Yemen","direction":"E","système":"EPSG:4326"},"geometry":{"type":"Point","coordinates":[51.2412,15.8153]}},
{"type":"Feature","properties":{"country":"Yemen","direction":"SE","système":"EPSG:4326"},"geometry":{"type":"Point","coordinates":[48.7092,14.5793]}},
{"type":"Feature","properties":{"country":"Yemen","direction":"S","système":"EPSG:4326"},"geometry":{"type":"Point","coordinates":[47.4731,14.1043]}},
{"type":"Feature","properties":{"country":"Yemen","direction":"SW","système":"EPSG:4326"},"geometry":{"type":"Point","coordinates":[44.9302,13.2724]}},
{"type":"Feature","properties":{"country":"Yemen","direction":"W","système":"EPSG:4326"},"geometry":{"type":"Point","coordinates":[43.7051,15.8153]}},
{"type":"Feature","properties":{"country":"Yemen","direction":"NW","système":"EPSG:4326"},"geometry":{"type":"Point","coordinates":[46.31,16.9785]}},
{"type":"Feature","properties":{"country":"Saudi Arabia","direction":"N","système":"EPSG:4326"},"geometry":{"type":"Point","coordinates":[44.5527,28.2857]}},
{"type":"Feature","properties":{"country":"Saudi Arabia","direction":"NE","système":"EPSG:4326"},"geometry":{"type":"Point","coordinates":[47.7491,27.4619]}},
{"type":"Feature","properties":{"country":"Saudi Arabia","direction":"E","système":"EPSG:4326"},"geometry":{"type":"Point","coordinates":[50.1662,24.2655]}},
{"type":"Feature","properties":{"country":"Saudi Arabia","direction":"SE","système":"EPSG:4326"},"geometry":{"type":"Point","coordinates":[48.9699,19.8483]}},
{"type":"Feature","properties":{"country":"Saudi Arabia","direction":"S","système":"EPSG:4326"},"geometry":{"type":"Point","coordinates":[44.5527,18.7892]}},
{"type":"Feature","properties":{"country":"Saudi Arabia","direction":"SW","système":"EPSG:4326"},"geometry":{"type":"Point","coordinates":[41.1946,20.9073]}},
{"type":"Feature","properties":{"country":"Saudi Arabia","direction":"W","système":"EPSG:4326"},"geometry":{"type":"Point","coordinates":[38.9392,24.2655]}},
{"type":"Feature","properties":{"country":"Saudi Arabia","direction":"NW","système":"EPSG:4326"},"geometry":{"type":"Point","coordinates":[38.7091,30.1091]}},
{"type":"Feature","properties":{"country":"Antarctica","direction":"N","système":"EPSG:4326"},"geometry":{"type":"Point","coordinates":[67.3741,-69.6451]}},
{"type":"Feature","properties":{"country":"Antarctica","direction":"NE","système":"EPSG:4326"},"geometry":{"type":"Point","coordinates":[72.8409,-71.1873]}},
{"type":"Feature","properties":{"country":"Antarctica","direction":"E","système":"EPSG:4326"},"geometry":{"type":"Point","coordinates":[144.2579,-76.6541]}},
{"type":"Feature","properties":{"country":"Antarctica","direction":"SE","système":"EPSG:4326"},"geometry":{"type":"Point","coordinates":[78.0509,-87.3308]}},
{"type":"Feature","properties":{"country":"Antarctica","direction":"S","système":"EPSG:4326"},"geometry":{"type":"Point","coordinates":[67.3741,-87.3308]}},
{"type":"Feature","properties":{"country":"Antarctica","direction":"SW","système":"EPSG:4326"},"geometry":{"type":"Point","coordinates":[56.6974,-87.3308]}},
{"type":"Feature","properties":{"country":"Antarctica","direction":"W","système":"EPSG:4326"},"geometry":{"type":"Point","coordinates":[-9.5096,-76.6541]}},
{"type":"Feature","properties":{"country":"Antarctica","direction":"NW","système":"EPSG:4326"},"geometry":{"type":"Point","coordinates":[59.4652,-68.7451]}},
{"type":"Feature","properties":{"country":"Northern Cyprus","direction":"N","système":"EPSG:4326"},"geometry":{"type":"Point","coordinates":[33.4513,35.3637]}},
{"type":"Feature","properties":{"country":"Northern Cyprus","direction":"NE","système":"EPSG:4326"},"geometry":{"type":"Point","coordinates":[33.5045,35.3627]}},
{"type":"Feature","properties":{"country":"Northern Cyprus","direction":"E","système":"EPSG:4326"},"geometry":{"type":"Point","coordinates":[33.8918,35.3095]}},
{"type":"Feature","properties":{"country":"Northern Cyprus","direction":"SE","système":"EPSG:4326"},"geometry":{"type":"Point","coordinates":[33.6693,35.0915]}},
{"type":"Feature","properties":{"country":"Northern Cyprus","direction":"S","système":"EPSG:4326"},"geometry":{"type":"Point","coordinates":[33.4513,35.1462]}},
{"type":"Feature","properties":{"country":"Northern Cyprus","direction":"SW","système":"EPSG:4326"},"geometry":{"type":"Point","coordinates":[33.3371,35.1953]}},
{"type":"Feature","properties":{"country":"Northern Cyprus","direction":"W","système":"EPSG:4326"},"geometry":{"type":"Point","coordinates":[33.0108,35.3095]}},
{"type":"Feature","properties":{"country":"Northern Cyprus","direction":"NW","système":"EPSG:4326"},"geometry":{"type":"Point","coordinates":[33.3961,35.3647]}},
{"type":"Feature","properties":{"country":"Cyprus","direction":"N","système":"EPSG:4326"},"geometry":{"type":"Point","coordinates":[33.033,35.0668]}},
{"type":"Feature","properties":{"country":"Cyprus","direction":"NE","système":"EPSG:4326"},"geometry":{"type":"Point","coordinates":[33.2924,35.0993]}},
{"type":"Feature","properties":{"country":"Cyprus","direction":"E","système":"EPSG:4326"},"geometry":{"type":"Point","coordinates":[33.5315,34.8399]}},
{"type":"Feature","properties":{"country":"Cyprus","direction":"SE","système":"EPSG:4326"},"geometry":{"type":"Point","coordinates":[33.1745,34.6984]}},
{"type":"Feature","properties":{"country":"Cyprus","direction":"S","système":"EPSG:4326"},"geometry":{"type":"Point","coordinates":[33.033,34.6423]}},
{"type":"Feature","properties":{"country":"Cyprus","direction":"SW","système":"EPSG:4326"},"geometry":{"type":"Point","coordinates":[32.8546,34.6615]}},
{"type":"Feature","properties":{"country":"Cyprus","direction":"W","système":"EPSG:4326"},"geometry":{"type":"Point","coordinates":[32.5345,34.8399]}},
{"type":"Feature","properties":{"country":"Cyprus","direction":"NW","système":"EPSG:4326"},"geometry":{"type":"Point","coordinates":[32.7932,35.0797]}},
{"type":"Feature","properties":{"country":"Morocco","direction":"N","système":"EPSG:4326"},"geometry":{"type":"Point","coordinates":[-9.9833,29.3101]}},
{"type":"Feature","properties":{"country":"Morocco","direction":"NE","système":"EPSG:4326"},"geometry":{"type":"Point","coordinates":[-4.5353,33.9384]}},
{"type":"Feature","properties":{"country":"Morocco","direction":"E","système":"EPSG:4326"},"geometry":{"type":"Point","coordinates":[-8.9339,28.4904]}},
{"type":"Feature","properties":{"country":"Morocco","direction":"SE","système":"EPSG:4326"},"geometry":{"type":"Point","coordinates":[-9.0391,27.5462]}},
{"type":"Feature","properties":{"country":"Morocco","direction":"S","système":"EPSG:4326"},"geometry":{"type":"Point","coordinates":[-9.9833,27.1868]}},
{"type":"Feature","properties":{"country":"Morocco","direction":"SW","système":"EPSG:4326"},"geometry":{"type":"Point","coordinates":[-15.6102,22.8635]}},
{"type":"Feature","properties":{"country":"Morocco","direction":"W","système":"EPSG:4326"},"geometry":{"type":"Point","coordinates":[-11.0326,28.4904]}},
{"type":"Feature","properties":{"country":"Morocco","direction":"NW","système":"EPSG:4326"},"geometry":{"type":"Point","coordinates":[-10.4166,28.9237]}},
{"type":"Feature","properties":{"country":"Egypt","direction":"N","système":"EPSG:4326"},"geometry":{"type":"Point","coordinates":[29.3695,30.2253]}},
{"type":"Feature","properties":{"country":"Egypt","direction":"NE","système":"EPSG:4326"},"geometry":{"type":"Point","coordinates":[32.6451,30.171]}},
{"type":"Feature","properties":{"country":"Egypt","direction":"E","système":"EPSG:4326"},"geometry":{"type":"Point","coordinates":[32.8652,26.8955]}},
{"type":"Feature","properties":{"country":"Egypt","direction":"SE","système":"EPSG:4326"},"geometry":{"type":"Point","coordinates":[33.2859,22.9791]}},
{"type":"Feature","properties":{"country":"Egypt","direction":"S","système":"EPSG:4326"},"geometry":{"type":"Point","coordinates":[29.3695,22.9791]}},
{"type":"Feature","properties":{"country":"Egypt","direction":"SW","système":"EPSG:4326"},"geometry":{"type":"Point","coordinates":[25.8739,23.3999]}},
{"type":"Feature","properties":{"country":"Egypt","direction":"W","système":"EPSG:4326"},"geometry":{"type":"Point","coordinates":[25.8739,26.8955]}},
{"type":"Feature","properties":{"country":"Egypt","direction":"NW","système":"EPSG:4326"},"geometry":{"type":"Point","coordinates":[25.8445,30.4206]}},
{"type":"Feature","properties":{"country":"Libya","direction":"N","système":"EPSG:4326"},"geometry":{"type":"Point","coordinates":[17.2589,30.0526]}},
{"type":"Feature","properties":{"country":"Libya","direction":"NE","système":"EPSG:4326"},"geometry":{"type":"Point","coordinates":[22.0102,31.0545]}},
{"type":"Feature","properties":{"country":"Libya","direction":"E","système":"EPSG:4326"},"geometry":{"type":"Point","coordinates":[23.4518,26.3033]}},
{"type":"Feature","properties":{"country":"Libya","direction":"SE","système":"EPSG:4326"},"geometry":{"type":"Point","coordinates":[22.5252,21.037]}},
{"type":"Feature","properties":{"country":"Libya","direction":"S","système":"EPSG:4326"},"geometry":{"type":"Point","coordinates":[17.2589,23.4515]}},
{"type":"Feature","properties":{"country":"Libya","direction":"SW","système":"EPSG:4326"},"geometry":{"type":"Point","coordinates":[14.4848,23.5291]}},
{"type":"Feature","properties":{"country":"Libya","direction":"W","système":"EPSG:4326"},"geometry":{"type":"Point","coordinates":[11.0661,26.3033]}},
{"type":"Feature","properties":{"country":"Libya","direction":"NW","système":"EPSG:4326"},"geometry":{"type":"Point","coordinates":[12.4773,31.0849]}},
{"type":"Feature","properties":{"country":"Ethiopia","direction":"N","système":"EPSG:4326"},"geometry":{"type":"Point","coordinates":[38.7264,13.5453]}},
{"type":"Feature","properties":{"country":"Ethiopia","direction":"NE","système":"EPSG:4326"},"geometry":{"type":"Point","coordinates":[41.4437,12.0793]}},
{"type":"Feature","properties":{"country":"Ethiopia","direction":"E","système":"EPSG:4326"},"geometry":{"type":"Point","coordinates":[42.5356,9.362]}},
{"type":"Feature","properties":{"country":"Ethiopia","direction":"SE","système":"EPSG:4326"},"geometry":{"type":"Point","coordinates":[42.4372,5.6512]}},
{"type":"Feature","properties":{"country":"Ethiopia","direction":"S","système":"EPSG:4326"},"geometry":{"type":"Point","coordinates":[38.7264,4.7422]}},
{"type":"Feature","properties":{"country":"Ethiopia","direction":"SW","système":"EPSG:4326"},"geometry":{"type":"Point","coordinates":[35.8633,6.4989]}},
{"type":"Feature","properties":{"country":"Ethiopia","direction":"W","système":"EPSG:4326"},"geometry":{"type":"Point","coordinates":[34.9172,9.362]}},
{"type":"Feature","properties":{"country":"Ethiopia","direction":"NW","système":"EPSG:4326"},"geometry":{"type":"Point","coordinates":[36.2809,11.8075]}},
{"type":"Feature","properties":{"country":"Djibouti","direction":"N","système":"EPSG:4326"},"geometry":{"type":"Point","coordinates":[42.4123,12.395]}},
{"type":"Feature","properties":{"country":"Djibouti","direction":"NE","système":"EPSG:4326"},"geometry":{"type":"Point","coordinates":[43.0082,12.4512]}},
{"type":"Feature","properties":{"country":"Djibouti","direction":"E","système":"EPSG:4326"},"geometry":{"type":"Point","coordinates":[42.8834,11.8553]}},
{"type":"Feature","properties":{"country":"Djibouti","direction":"SE","système":"EPSG:4326"},"geometry":{"type":"Point","coordinates":[42.8879,11.3797]}},
{"type":"Feature","properties":{"country":"Djibouti","direction":"S","système":"EPSG:4326"},"geometry":{"type":"Point","coordinates":[42.4123,11.2215]}},
{"type":"Feature","properties":{"country":"Djibouti","direction":"SW","système":"EPSG:4326"},"geometry":{"type":"Point","coordinates":[41.881,11.324]}},
{"type":"Feature","properties":{"country":"Djibouti","direction":"W","système":"EPSG:4326"},"geometry":{"type":"Point","coordinates":[41.9412,11.8553]}},
{"type":"Feature","properties":{"country":"Djibouti","direction":"NW","système":"EPSG:4326"},"geometry":{"type":"Point","coordinates":[42.1418,12.1257]}},
{"type":"Feature","properties":{"country":"Somaliland","direction":"N","système":"EPSG:4326"},"geometry":{"type":"Point","coordinates":[46.0347,10.5514]}},
{"type":"Feature","properties":{"country":"Somaliland","direction":"NE","système":"EPSG:4326"},"geometry":{"type":"Point","coordinates":[47.0781,10.8005]}},
{"type":"Feature","properties":{"country":"Somaliland","direction":"E","système":"EPSG:4326"},"geometry":{"type":"Point","coordinates":[48.3575,9.757]}},
{"type":"Feature","properties":{"country":"Somaliland","direction":"SE","système":"EPSG:4326"},"geometry":{"type":"Point","coordinates":[47.4378,8.3538]}},
{"type":"Feature","properties":{"country":"Somaliland","direction":"S","système":"EPSG:4326"},"geometry":{"type":"Point","coordinates":[46.0347,8.6142]}},
{"type":"Feature","properties":{"country":"Somaliland","direction":"SW","système":"EPSG:4326"},"geometry":{"type":"Point","coordinates":[45.1962,8.9185]}},
{"type":"Feature","properties":{"country":"Somaliland","direction":"W","système":"EPSG:4326"},"geometry":{"type":"Point","coordinates":[43.7118,9.757]}},
{"type":"Feature","properties":{"country":"Somaliland","direction":"NW","système":"EPSG:4326"},"geometry":{"type":"Point","coordinates":[45.3609,10.4307]}},
{"type":"Feature","properties":{"country":"Uganda","direction":"N","système":"EPSG:4326"},"geometry":{"type":"Point","coordinates":[32.5465,3.2774]}},
{"type":"Feature","properties":{"country":"Uganda","direction":"NE","système":"EPSG:4326"},"geometry":{"type":"Point","coordinates":[34.1293,2.9631]}},
{"type":"Feature","properties":{"country":"Uganda","direction":"E","système":"EPSG:4326"},"geometry":{"type":"Point","coordinates":[34.3282,1.3804]}},
{"type":"Feature","properties":{"country":"Uganda","direction":"SE","système":"EPSG:4326"},"geometry":{"type":"Point","coordinates":[33.6247,0.3021]}},
{"type":"Feature","properties":{"country":"Uganda","direction":"S","système":"EPSG:4326"},"geometry":{"type":"Point","coordinates":[32.5465,-0.5251]}},
{"type":"Feature","properties":{"country":"Uganda","direction":"SW","système":"EPSG:4326"},"geometry":{"type":"Point","coordinates":[30.311,-0.8552]}},
{"type":"Feature","properties":{"country":"Uganda","direction":"W","système":"EPSG:4326"},"geometry":{"type":"Point","coordinates":[30.7648,1.3804]}},
{"type":"Feature","properties":{"country":"Uganda","direction":"NW","système":"EPSG:4326"},"geometry":{"type":"Point","coordinates":[31.16,2.7669]}},
{"type":"Feature","properties":{"country":"Rwanda","direction":"N","système":"EPSG:4326"},"geometry":{"type":"Point","coordinates":[30.0308,-1.4596]}},
{"type":"Feature","properties":{"country":"Rwanda","direction":"NE","système":"EPSG:4326"},"geometry":{"type":"Point","coordinates":[30.4849,-1.503]}},
{"type":"Feature","properties":{"country":"Rwanda","direction":"E","système":"EPSG:4326"},"geometry":{"type":"Point","coordinates":[30.6388,-1.957]}},
{"type":"Feature","properties":{"country":"Rwanda","direction":"SE","système":"EPSG:4326"},"geometry":{"type":"Point","coordinates":[30.3919,-2.3181]}},
{"type":"Feature","properties":{"country":"Rwanda","direction":"S","système":"EPSG:4326"},"geometry":{"type":"Point","coordinates":[30.0308,-2.2793]}},
{"type":"Feature","properties":{"country":"Rwanda","direction":"SW","système":"EPSG:4326"},"geometry":{"type":"Point","coordinates":[29.3137,-2.6741]}},
{"type":"Feature","properties":{"country":"Rwanda","direction":"W","système":"EPSG:4326"},"geometry":{"type":"Point","coordinates":[29.4229,-1.957]}},
{"type":"Feature","properties":{"country":"Rwanda","direction":"NW","système":"EPSG:4326"},"geometry":{"type":"Point","coordinates":[29.603,-1.5292]}},
{"type":"Feature","properties":{"country":"Bosnia and Herzegovina","direction":"N","système":"EPSG:4326"},"geometry":{"type":"Point","coordinates":[18.1152,44.8289]}},
{"type":"Feature","properties":{"country":"Bosnia and Herzegovina","direction":"NE","système":"EPSG:4326"},"geometry":{"type":"Point","coordinates":[18.9216,44.6595]}},
{"type":"Feature","properties":{"country":"Bosnia and Herzegovina","direction":"E","système":"EPSG:4326"},"geometry":{"type":"Point","coordinates":[19.2569,43.8531]}},
{"type":"Feature","properties":{"country":"Bosnia and Herzegovina","direction":"SE","système":"EPSG:4326"},"geometry":{"type":"Point","coordinates":[18.617,43.3513]}},
{"type":"Feature","properties":{"country":"Bosnia and Herzegovina","direction":"S","système":"EPSG:4326"},"geometry":{"type":"Point","coordinates":[18.1152,43.0428]}},
{"type":"Feature","properties":{"country":"Bosnia and Herzegovina","direction":"SW","système":"EPSG:4326"},"geometry":{"type":"Point","coordinates":[17.617,43.355]}},
{"type":"Feature","properties":{"country":"Bosnia and Herzegovina","direction":"W","système":"EPSG:4326"},"geometry":{"type":"Point","coordinates":[16.9734,43.8531]}},
{"type":"Feature","properties":{"country":"Bosnia and Herzegovina","direction":"NW","système":"EPSG:4326"},"geometry":{"type":"Point","coordinates":[17.0203,44.9479]}},
{"type":"Feature","properties":{"country":"North Macedonia","direction":"N","système":"EPSG:4326"},"geometry":{"type":"Point","coordinates":[21.7204,42.1521]}},
{"type":"Feature","properties":{"country":"North Macedonia","direction":"NE","système":"EPSG:4326"},"geometry":{"type":"Point","coordinates":[22.2311,42.1918]}},
{"type":"Feature","properties":{"country":"North Macedonia","direction":"E","système":"EPSG:4326"},"geometry":{"type":"Point","coordinates":[22.6765,41.6811]}},
{"type":"Feature","properties":{"country":"North Macedonia","direction":"SE","système":"EPSG:4326"},"geometry":{"type":"Point","coordinates":[22.1512,41.2503]}},
{"type":"Feature","properties":{"country":"North Macedonia","direction":"S","système":"EPSG:4326"},"geometry":{"type":"Point","coordinates":[21.7204,41.1024]}},
{"type":"Feature","properties":{"country":"North Macedonia","direction":"SW","système":"EPSG:4326"},"geometry":{"type":"Point","coordinates":[21.0905,41.0513]}},
{"type":"Feature","properties":{"country":"North Macedonia","direction":"W","système":"EPSG:4326"},"geometry":{"type":"Point","coordinates":[20.7642,41.6811]}},
{"type":"Feature","properties":{"country":"North Macedonia","direction":"NW","système":"EPSG:4326"},"geometry":{"type":"Point","coordinates":[21.3261,42.0754]}},
{"type":"Feature","properties":{"country":"Republic of Serbia","direction":"N","système":"EPSG:4326"},"geometry":{"type":"Point","coordinates":[21.0135,45.1175]}},
{"type":"Feature","properties":{"country":"Republic of Serbia","direction":"NE","système":"EPSG:4326"},"geometry":{"type":"Point","coordinates":[21.497,44.6202]}},
{"type":"Feature","properties":{"country":"Republic of Serbia","direction":"E","système":"EPSG:4326"},"geometry":{"type":"Point","coordinates":[22.243,44.1367]}},
{"type":"Feature","properties":{"country":"Republic of Serbia","direction":"SE","système":"EPSG:4326"},"geometry":{"type":"Point","coordinates":[22.1888,42.9613]}},
{"type":"Feature","properties":{"country":"Republic of Serbia","direction":"S","système":"EPSG:4326"},"geometry":{"type":"Point","coordinates":[21.0135,43.3169]}},
{"type":"Feature","properties":{"country":"Republic of Serbia","direction":"SW","système":"EPSG:4326"},"geometry":{"type":"Point","coordinates":[20.1821,43.3053]}},
{"type":"Feature","properties":{"country":"Republic of Serbia","direction":"W","système":"EPSG:4326"},"geometry":{"type":"Point","coordinates":[19.784,44.1367]}},
{"type":"Feature","properties":{"country":"Republic of Serbia","direction":"NW","système":"EPSG:4326"},"geometry":{"type":"Point","coordinates":[19.5117,45.6385]}},
{"type":"Feature","properties":{"country":"Montenegro","direction":"N","système":"EPSG:4326"},"geometry":{"type":"Point","coordinates":[19.3962,43.2773]}},
{"type":"Feature","properties":{"country":"Montenegro","direction":"NE","système":"EPSG:4326"},"geometry":{"type":"Point","coordinates":[19.7215,43.0758]}},
{"type":"Feature","properties":{"country":"Montenegro","direction":"E","système":"EPSG:4326"},"geometry":{"type":"Point","coordinates":[20.0438,42.7505]}},
{"type":"Feature","properties":{"country":"Montenegro","direction":"SE","système":"EPSG:4326"},"geometry":{"type":"Point","coordinates":[19.565,42.5817]}},
{"type":"Feature","properties":{"country":"Montenegro","direction":"S","système":"EPSG:4326"},"geometry":{"type":"Point","coordinates":[19.3962,42.3901]}},
{"type":"Feature","properties":{"country":"Montenegro","direction":"SW","système":"EPSG:4326"},"geometry":{"type":"Point","coordinates":[19.0016,42.3559]}},
{"type":"Feature","properties":{"country":"Montenegro","direction":"W","système":"EPSG:4326"},"geometry":{"type":"Point","coordinates":[18.7487,42.7505]}},
{"type":"Feature","properties":{"country":"Montenegro","direction":"NW","système":"EPSG:4326"},"geometry":{"type":"Point","coordinates":[18.9565,43.1903]}},
{"type":"Feature","properties":{"country":"Kosovo","direction":"N","système":"EPSG:4326"},"geometry":{"type":"Point","coordinates":[20.9137,43.0416]}},
{"type":"Feature","properties":{"country":"Kosovo","direction":"NE","système":"EPSG:4326"},"geometry":{"type":"Point","coordinates":[21.2239,42.8242]}},
{"type":"Feature","properties":{"country":"Kosovo","direction":"E","système":"EPSG:4326"},"geometry":{"type":"Point","coordinates":[21.5406,42.5139]}},
{"type":"Feature","properties":{"country":"Kosovo","direction":"SE","système":"EPSG:4326"},"geometry":{"type":"Point","coordinates":[21.1813,42.2463]}},
{"type":"Feature","properties":{"country":"Kosovo","direction":"S","système":"EPSG:4326"},"geometry":{"type":"Point","coordinates":[20.9137,42.1761]}},
{"type":"Feature","properties":{"country":"Kosovo","direction":"SW","système":"EPSG:4326"},"geometry":{"type":"Point","coordinates":[20.613,42.2132]}},
{"type":"Feature","properties":{"country":"Kosovo","direction":"W","système":"EPSG:4326"},"geometry":{"type":"Point","coordinates":[20.2867,42.5139]}},
{"type":"Feature","properties":{"country":"Kosovo","direction":"NW","système":"EPSG:4326"},"geometry":{"type":"Point","coordinates":[20.591,42.8366]}},
{"type":"Feature","properties":{"country":"Trinidad and Tobago","direction":"N","système":"EPSG:4326"},"geometry":{"type":"Point","coordinates":[-61.2904,10.791]}},
{"type":"Feature","properties":{"country":"Trinidad and Tobago","direction":"NE","système":"EPSG:4326"},"geometry":{"type":"Point","coordinates":[-61.0446,10.8083]}},
{"type":"Feature","properties":{"country":"Trinidad and Tobago","direction":"E","système":"EPSG:4326"},"geometry":{"type":"Point","coordinates":[-60.9866,10.5625]}},
{"type":"Feature","properties":{"country":"Trinidad and Tobago","direction":"SE","système":"EPSG:4326"},"geometry":{"type":"Point","coordinates":[-61.0021,10.2743]}},
{"type":"Feature","properties":{"country":"Trinidad and Tobago","direction":"S","système":"EPSG:4326"},"geometry":{"type":"Point","coordinates":[-61.2904,10.163]}},
{"type":"Feature","properties":{"country":"Trinidad and Tobago","direction":"SW","système":"EPSG:4326"},"geometry":{"type":"Point","coordinates":[-61.7183,10.1346]}},
{"type":"Feature","properties":{"country":"Trinidad and Tobago","direction":"W","système":"EPSG:4326"},"geometry":{"type":"Point","coordinates":[-61.5941,10.5625]}},
{"type":"Feature","properties":{"country":"Trinidad and Tobago","direction":"NW","système":"EPSG:4326"},"geometry":{"type":"Point","coordinates":[-61.4767,10.7488]}},
{"type":"Feature","properties":{"country":"South Sudan","direction":"N","système":"EPSG:4326"},"geometry":{"type":"Point","coordinates":[28.9701,9.1407]}},
{"type":"Feature","properties":{"country":"South Sudan","direction":"NE","système":"EPSG:4326"},"geometry":{"type":"Point","coordinates":[30.3757,9.4327]}},
{"type":"Feature","properties":{"country":"South Sudan","direction":"E","système":"EPSG:4326"},"geometry":{"type":"Point","coordinates":[32.2732,8.0271]}},
{"type":"Feature","properties":{"country":"South Sudan","direction":"SE","système":"EPSG:4326"},"geometry":{"type":"Point","coordinates":[32.3593,4.6379]}},
{"type":"Feature","properties":{"country":"South Sudan","direction":"S","système":"EPSG:4326"},"geometry":{"type":"Point","coordinates":[28.9701,5.1384]}},
{"type":"Feature","properties":{"country":"South Sudan","direction":"SW","système":"EPSG:4326"},"geometry":{"type":"Point","coordinates":[27.1884,6.2455]}},
{"type":"Feature","properties":{"country":"South Sudan","direction":"W","système":"EPSG:4326"},"geometry":{"type":"Point","coordinates":[25.6669,8.0271]}},
{"type":"Feature","properties":{"country":"South Sudan","direction":"NW","système":"EPSG:4326"},"geometry":{"type":"Point","coordinates":[27.6908,9.3064]}}
]
}
